"Region Code","Timestamp (Hour Ending)","CAL Demand (MWh)","CAR Demand (MWh)","CENT Demand (MWh)","FLA Demand (MWh)","MIDA Demand (MWh)","MIDW Demand (MWh)","NE Demand (MWh)","NW Demand (MWh)","NY Demand (MWh)","SE Demand (MWh)","SW Demand (MWh)","TEN Demand (MWh)","TEX Demand (MWh)"
US48,"4/1/2022 12 a.m. EDT",31382,20085,28631,25376,77931,75189,11016,39481,14520,22020,11862,15723,39210
US48,"4/1/2022 1 a.m. EDT",30218,18695,27887,23163,76383,72732,10744,37819,13778,20911,11280,15166,36443
US48,"4/1/2022 2 a.m. EDT",28575,17845,27478,21700,74588,71276,10568,35666,13340,19946,10772,14768,34605
US48,"4/1/2022 3 a.m. EDT",26779,17293,27324,20781,73778,70618,10355,34116,13090,19350,10080,14553,33635
US48,"4/1/2022 4 a.m. EDT",25477,17180,27227,20241,73715,70633,10300,33185,13015,19236,9620,14407,33110
US48,"4/1/2022 5 a.m. EDT",24556,17433,27351,20202,73525,70464,10533,32739,13193,19484,9326,14793,33214
US48,"4/1/2022 6 a.m. EDT",24085,18517,27941,21155,75729,71677,11062,32765,13899,20099,9169,15390,33861
US48,"4/1/2022 7 a.m. EDT",23955,20630,29228,23176,82113,75489,12022,33349,15302,21952,9143,16779,35783
US48,"4/1/2022 8 a.m. EDT",24480,21666,31404,24500,87039,80726,12766,34934,16344,23625,9399,18385,38775
US48,"4/1/2022 9 a.m. EDT",25994,21769,32567,25856,88603,83003,12956,37853,16847,24130,10010,18817,40387
US48,"4/1/2022 10 a.m. EDT",28319,21550,32193,27675,88794,82140,12422,41031,16954,24244,10302,18671,40443
US48,"4/1/2022 11 a.m. EDT",29323,21751,31236,29155,87970,80705,11945,42218,16929,24163,10279,18315,40605
US48,"4/1/2022 12 p.m. EDT",29244,21421,30462,30323,87237,79475,12097,41750,16919,23879,10260,17849,40674
US48,"4/1/2022 1 p.m. EDT",27958,21337,29703,31394,86662,77998,12150,40804,16675,23662,10099,17269,40716
US48,"4/1/2022 2 p.m. EDT",26949,21373,29012,32391,86064,76727,11873,39494,16397,23636,9935,16707,40993
US48,"4/1/2022 3 p.m. EDT",26231,21401,28603,33367,85654,75658,11804,38496,16247,23844,9982,16286,41546
US48,"4/1/2022 4 p.m. EDT",25488,21378,28131,34701,85424,74412,11765,37692,16517,24050,10094,15926,42118
US48,"4/1/2022 5 p.m. EDT",26317,21630,27810,35413,85147,73433,12092,37026,16973,24301,10391,15629,42945
US48,"4/1/2022 6 p.m. EDT",25505,21833,27581,35293,84741,73126,12649,36640,17274,24539,10773,15547,43791
US48,"4/1/2022 7 p.m. EDT",25821,21899,27389,34376,85019,73030,13002,36698,17412,24023,11311,15581,44322
US48,"4/1/2022 8 p.m. EDT",26511,21919,27282,32946,86879,73191,13477,37314,17702,23653,11890,15733,43588
US48,"4/1/2022 9 p.m. EDT",28160,22426,27486,32180,88846,74401,13308,37821,17581,23898,12132,16504,42626
US48,"4/1/2022 10 p.m. EDT",29713,21708,27916,30323,87602,75439,12727,38287,17020,23525,12277,16841,42583
US48,"4/1/2022 11 p.m. EDT",31180,20702,27523,28127,84835,74254,12246,38736,16219,22682,12283,16627,41444
US48,"4/2/2022 12 a.m. EDT",31158,19587,26754,25544,81948,71499,11480,38310,15394,21485,11891,16266,39370
US48,"4/2/2022 1 a.m. EDT",30197,18627,25776,23445,79541,69018,10938,36881,14725,20344,11354,15756,37146
US48,"4/2/2022 2 a.m. EDT",28589,18188,25005,21702,78000,67094,10910,35067,14288,20042,10912,15605,35085
US48,"4/2/2022 3 a.m. EDT",26922,18189,24560,20444,77470,65941,10972,33514,13990,19706,10237,15612,33596
US48,"4/2/2022 4 a.m. EDT",25629,18289,24432,19681,77392,65650,10949,32493,13861,19638,9758,15871,32616
US48,"4/2/2022 5 a.m. EDT",24649,18865,24442,19349,78131,65613,10834,32092,13943,19819,9426,16238,32227
US48,"4/2/2022 6 a.m. EDT",24071,19866,24717,19522,80467,66190,11032,31893,14217,20356,9189,16735,32223
US48,"4/2/2022 7 a.m. EDT",23780,21252,25241,20231,83890,68030,11301,32063,14774,20988,9132,17353,32864
US48,"4/2/2022 8 a.m. EDT",23626,22575,26244,21200,86685,70331,11687,32574,15251,21816,9210,18109,33896
US48,"4/2/2022 9 a.m. EDT",24100,23175,26980,23500,86332,71930,11279,33987,15433,23022,9416,18502,35080
US48,"4/2/2022 10 a.m. EDT",24959,22958,27339,26364,84334,73220,10790,35417,15186,23447,9305,18149,36229
US48,"4/2/2022 11 a.m. EDT",25284,22282,27294,29009,81900,73312,10149,36667,14831,23472,9381,17705,37425
US48,"4/2/2022 12 p.m. EDT",25406,21304,27065,30916,80050,72509,9939,37455,14465,23169,9550,17210,38521
US48,"4/2/2022 1 p.m. EDT",25407,20603,26655,32459,79355,71279,9653,37471,14096,23138,9468,16635,39704
US48,"4/2/2022 2 p.m. EDT",25344,20057,26298,33430,78211,70387,9507,37015,13756,22712,9486,16110,40541
US48,"4/2/2022 3 p.m. EDT",24766,19821,26036,33674,77177,69619,9425,36508,13523,22157,9610,15581,41569
US48,"4/2/2022 4 p.m. EDT",24036,19732,25906,32600,76430,69290,9517,35843,13501,21722,9855,15223,42950
US48,"4/2/2022 5 p.m. EDT",23866,19793,25914,31533,76813,68901,9616,35220,13893,21737,10204,14959,44594
US48,"4/2/2022 6 p.m. EDT",23651,20123,26114,30487,77291,69267,10935,34929,14663,21855,10777,14990,46134
US48,"4/2/2022 7 p.m. EDT",23806,20213,26403,29210,77382,69851,12115,35096,15518,21929,11381,15058,46990
US48,"4/2/2022 8 p.m. EDT",24806,20794,26373,28246,79558,70415,12816,35614,16191,21957,12065,15116,46625
US48,"4/2/2022 9 p.m. EDT",26082,21446,26294,27524,81710,71187,12772,36231,16392,22723,12367,15673,45016
US48,"4/2/2022 10 p.m. EDT",28154,20781,26764,26009,80381,71786,12291,36740,15996,22524,12446,15789,43994
US48,"4/2/2022 11 p.m. EDT",29730,19982,26332,24341,77964,70230,11625,37205,15388,21838,12353,15415,42436
US48,"4/3/2022 12 a.m. EDT",29641,19065,25546,22443,75478,67888,10957,37150,14668,20940,11916,15007,40422
US48,"4/3/2022 1 a.m. EDT",28966,18316,24664,20657,73827,65776,11009,35943,14036,19973,11381,14324,38195
US48,"4/3/2022 2 a.m. EDT",27683,17839,24102,19161,73163,64422,10722,34590,13614,19451,10937,13921,36293
US48,"4/3/2022 3 a.m. EDT",26193,17701,23764,18076,72624,64262,10794,33120,13376,19309,10305,13877,34657
US48,"4/3/2022 4 a.m. EDT",24925,17820,23630,17447,73015,64268,10517,31720,13213,19161,9831,13886,33712
US48,"4/3/2022 5 a.m. EDT",24024,18109,23674,17271,73077,64201,10723,31319,13208,19292,9405,14017,33031
US48,"4/3/2022 6 a.m. EDT",23376,18700,23884,17419,74079,64041,10615,31219,13418,19377,9131,14184,32825
US48,"4/3/2022 7 a.m. EDT",22921,19629,24429,17951,75334,64890,10838,31320,13785,20041,9052,14825,33035
US48,"4/3/2022 8 a.m. EDT",22886,20593,25143,18871,77031,66607,11112,31958,14214,20900,9077,15469,33564
US48,"4/3/2022 9 a.m. EDT",23008,21184,25706,20847,78571,68058,11211,33158,14630,21927,9140,16056,34249
US48,"4/3/2022 10 a.m. EDT",23241,20945,26267,23128,79002,68636,10893,34513,15141,22304,8924,16161,35715
US48,"4/3/2022 11 a.m. EDT",23328,20468,26424,24627,78964,68262,10613,35826,15646,22154,8915,15813,37235
US48,"4/3/2022 12 p.m. EDT",23483,20032,26489,25630,79002,67677,10332,37169,16015,21872,9207,15293,38925
US48,"4/3/2022 1 p.m. EDT",23251,19887,26522,26594,78929,67676,10160,37708,16181,21747,9229,15074,40395
US48,"4/3/2022 2 p.m. EDT",22897,19768,26707,27668,78474,67669,10538,37381,16185,21758,9238,14916,42048
US48,"4/3/2022 3 p.m. EDT",22572,19651,26764,28653,78684,67644,11192,36970,16105,22012,9426,14731,43614
US48,"4/3/2022 4 p.m. EDT",22040,19810,26845,29516,78393,67737,11792,36484,16111,22587,9762,14579,45282
US48,"4/3/2022 5 p.m. EDT",21938,20176,27102,30089,79034,68376,12442,36101,16342,23101,10129,14627,46985
US48,"4/3/2022 6 p.m. EDT",22153,20659,27463,30373,79419,69790,13086,35840,16749,23463,10592,14951,48387
US48,"4/3/2022 7 p.m. EDT",22648,21053,27848,29597,80675,71085,13462,36289,16956,23473,11203,15199,49258
US48,"4/3/2022 8 p.m. EDT",23731,21606,27917,28913,83264,71477,13698,37042,17196,23355,11885,15433,49001
US48,"4/3/2022 9 p.m. EDT",25578,22337,27858,28848,85499,72487,13346,37650,17174,23866,12237,16121,47614
US48,"4/3/2022 10 p.m. EDT",27586,21540,28213,27228,83839,72699,12593,38064,16578,23503,12466,16248,47256
US48,"4/3/2022 11 p.m. EDT",29528,20172,27500,24929,80606,70495,11652,38614,15725,22264,12546,15708,45779
US48,"4/4/2022 12 a.m. EDT",29845,18858,26193,22287,78055,67245,10814,38314,14847,20789,12217,15009,42898
US48,"4/4/2022 1 a.m. EDT",28992,18054,24862,20070,77169,64460,10591,36537,14245,19989,11584,14461,39579
US48,"4/4/2022 2 a.m. EDT",27259,17717,23900,18563,77507,63072,10571,34362,13879,19312,10970,14143,36891
US48,"4/4/2022 3 a.m. EDT",25530,17821,23396,17671,77500,62384,10454,32604,13658,19067,10189,14265,35048
US48,"4/4/2022 4 a.m. EDT",24320,18206,23288,17334,77907,62119,10701,31572,13638,19207,9630,14481,34022
US48,"4/4/2022 5 a.m. EDT",23529,19000,23295,17578,79010,62041,10769,31376,13915,19398,9308,14952,33684
US48,"4/4/2022 6 a.m. EDT",23195,21024,23665,18840,83075,63993,11388,31650,14840,20676,9065,15817,34004
US48,"4/4/2022 7 a.m. EDT",23163,23986,24857,21060,90487,68387,12771,32061,16257,22750,9039,17333,35553
US48,"4/4/2022 8 a.m. EDT",23734,25317,27080,22387,94580,73871,13444,33452,17029,24675,9326,18793,38141
US48,"4/4/2022 9 a.m. EDT",25093,24721,28470,23603,93546,76814,12782,36353,16951,25393,9878,18925,39632
US48,"4/4/2022 10 a.m. EDT",27451,23678,28782,24921,91347,77775,11783,39075,16666,25186,10137,18391,40189
US48,"4/4/2022 11 a.m. EDT",28806,22911,28786,26147,89968,77958,10991,40276,16429,24761,10147,17799,41187
US48,"4/4/2022 12 p.m. EDT",29003,22232,28737,27203,88407,77941,10899,40780,16187,24948,10150,17355,42201
US48,"4/4/2022 1 p.m. EDT",28142,21799,28634,28579,86680,77461,10715,40712,15950,24684,9906,16929,43535
US48,"4/4/2022 2 p.m. EDT",26799,21607,28547,30162,85686,77007,10606,40380,15809,24549,9959,16588,44602
US48,"4/4/2022 3 p.m. EDT",25697,21300,28600,31157,84702,76780,10375,40289,15824,24806,10065,16376,45452
US48,"4/4/2022 4 p.m. EDT",25172,21295,28502,32446,83807,76043,10315,40186,15967,25113,10379,16264,45916
US48,"4/4/2022 5 p.m. EDT",25181,21699,28316,33263,83895,75325,11566,39751,16366,25582,10790,16242,46367
US48,"4/4/2022 6 p.m. EDT",25406,21939,28289,33387,85029,75229,12529,39609,16895,26140,11276,16483,47164
US48,"4/4/2022 7 p.m. EDT",26129,22445,28458,32899,85718,75561,13209,39874,17211,26205,11814,16580,47528
US48,"4/4/2022 8 p.m. EDT",27082,22892,28592,31929,87517,75831,13773,40160,17618,25788,12458,16852,47131
US48,"4/4/2022 9 p.m. EDT",29064,23506,28608,31518,89037,76846,13579,40623,17541,25927,12722,17234,46871
US48,"4/4/2022 10 p.m. EDT",30701,22570,28874,29451,86701,77003,12789,41303,16846,25142,13016,17018,46815
US48,"4/4/2022 11 p.m. EDT",32385,20996,28191,26800,82617,74249,11742,41609,15859,23626,13053,16252,45375
US48,"4/5/2022 12 a.m. EDT",32512,19491,26820,23959,79709,70665,10845,41170,14874,21933,12683,15153,42934
US48,"4/5/2022 1 a.m. EDT",31404,18549,25659,21512,77321,68461,10555,39414,14165,20888,12071,14364,39773
US48,"4/5/2022 2 a.m. EDT",29357,17990,24740,19879,76367,66569,10294,37078,13760,20416,11354,13736,37244
US48,"4/5/2022 3 a.m. EDT",27537,17793,24251,18941,76069,65749,10206,35399,13524,19947,10548,13501,35656
US48,"4/5/2022 4 a.m. EDT",26111,17881,24024,18466,75942,64606,10271,34410,13493,19861,10015,13302,34614
US48,"4/5/2022 5 a.m. EDT",25031,18416,23903,18593,77340,64190,10665,33862,13792,20083,9631,13543,34425
US48,"4/5/2022 6 a.m. EDT",24511,19772,24327,19735,79798,66095,11289,33703,14638,20777,9372,14127,34949
US48,"4/5/2022 7 a.m. EDT",24334,22190,25441,22011,85734,69665,12754,33937,15913,21809,9278,15295,36629
US48,"4/5/2022 8 a.m. EDT",24847,23199,27378,23366,89841,74888,13127,35657,16729,23130,9517,16563,39677
US48,"4/5/2022 9 a.m. EDT",26374,22886,28432,24872,90412,77288,12160,38628,16906,24068,10100,17041,41141
US48,"4/5/2022 10 a.m. EDT",28419,22380,28663,26686,89274,77859,11082,41520,16666,24819,10337,17186,41970
US48,"4/5/2022 11 a.m. EDT",29305,22374,28722,28656,88098,78156,10686,42626,16270,25407,10265,17356,43088
US48,"4/5/2022 12 p.m. EDT",28932,22188,28753,30590,86772,78014,10626,42830,16042,25922,10312,17333,44855
US48,"4/5/2022 1 p.m. EDT",27941,22428,28703,32863,85763,77795,10642,42254,15736,26525,10197,17260,46743
US48,"4/5/2022 2 p.m. EDT",26894,22702,28685,35150,84936,77394,10700,41291,15605,26481,10274,17031,49390
US48,"4/5/2022 3 p.m. EDT",26175,22734,29009,36628,84162,77173,10677,40671,15439,26069,10495,16876,51888
US48,"4/5/2022 4 p.m. EDT",25880,22740,29163,37961,83739,76864,10927,40119,15412,25604,10950,16879,54072
US48,"4/5/2022 5 p.m. EDT",25812,23156,29414,38900,84359,76747,11492,39483,15824,25246,11529,16858,56222
US48,"4/5/2022 6 p.m. EDT",26460,23552,29904,39266,85357,77191,11961,39292,16402,25232,12174,16875,57966
US48,"4/5/2022 7 p.m. EDT",27012,23702,30224,38311,86395,77468,12931,39184,16898,25019,12774,17020,58477
US48,"4/5/2022 8 p.m. EDT",28300,23751,30152,36664,87547,77566,13534,39488,17255,24965,13455,17231,57251
US48,"4/5/2022 9 p.m. EDT",30693,23549,30013,35831,87969,78157,13331,40172,17119,25418,13731,17558,55342
US48,"4/5/2022 10 p.m. EDT",32533,22522,30099,33344,85024,77953,12547,40607,16358,24930,13825,17406,53952
US48,"4/5/2022 11 p.m. EDT",33721,21051,29326,30344,81145,75050,11500,41419,15336,23787,13755,16619,51649
US48,"4/6/2022 12 a.m. EDT",33598,19505,27797,27040,78108,71282,10605,41391,14398,22409,13311,15633,48086
US48,"4/6/2022 1 a.m. EDT",32285,18453,26272,24311,76299,68559,10510,39634,13698,21486,12544,14819,44311
US48,"4/6/2022 2 a.m. EDT",30146,17806,25291,22449,74419,66875,10570,37437,13283,20595,11702,14272,41307
US48,"4/6/2022 3 a.m. EDT",27935,17510,24705,21365,73493,65822,10571,35769,13039,20195,10850,13823,39260
US48,"4/6/2022 4 a.m. EDT",26461,17367,24375,20849,73255,65423,10448,34879,12978,20190,10160,13799,37786
US48,"4/6/2022 5 a.m. EDT",25616,17706,24272,20904,74684,65642,10736,34588,13204,20460,9676,13769,36837
US48,"4/6/2022 6 a.m. EDT",24968,18880,24680,21959,76745,66412,10831,34732,13999,21020,9439,14183,36485
US48,"4/6/2022 7 a.m. EDT",24692,20954,25792,24105,81886,69373,12250,35574,15455,22174,9332,15291,37481
US48,"4/6/2022 8 a.m. EDT",25128,21930,27812,25368,86021,74482,13157,37303,16514,23606,9493,16356,40042
US48,"4/6/2022 9 a.m. EDT",26450,21950,29051,26955,87219,77064,13381,40458,17063,24160,9997,16660,41146
US48,"4/6/2022 10 a.m. EDT",28386,21929,29120,29188,87226,77755,13332,43255,17267,24720,10164,16666,41450
US48,"4/6/2022 11 a.m. EDT",29200,22050,29172,31697,87014,78469,13262,43928,17253,25291,10140,16580,42098
US48,"4/6/2022 12 p.m. EDT",29486,22367,29225,33891,86441,78730,13182,42864,17093,25865,10228,16759,43057
US48,"4/6/2022 1 p.m. EDT",28729,22797,29136,35992,85905,78788,12920,41568,16823,26257,10249,16683,43822
US48,"4/6/2022 2 p.m. EDT",28245,23266,28974,37523,85340,78838,12902,40012,16715,26739,10417,16739,44388
US48,"4/6/2022 3 p.m. EDT",28275,23774,28910,38635,84502,78880,12966,39142,16625,27024,10747,16654,45297
US48,"4/6/2022 4 p.m. EDT",28529,24428,28770,39474,83966,78394,12943,38355,16550,27410,11292,16768,46075
US48,"4/6/2022 5 p.m. EDT",29419,25024,28662,40110,84304,78223,13151,37556,16673,27599,11852,16834,46844
US48,"4/6/2022 6 p.m. EDT",30165,25517,28821,40149,85359,78359,13548,37205,17119,27645,12521,16955,47617
US48,"4/6/2022 7 p.m. EDT",31576,25713,28863,39163,85591,78380,13801,37069,17292,27454,13111,17054,47827
US48,"4/6/2022 8 p.m. EDT",33486,25699,28911,37660,86130,78111,14011,37636,17393,27118,13788,16971,46749
US48,"4/6/2022 9 p.m. EDT",35406,25883,28890,36673,86918,78521,13743,38155,17179,27093,14002,17252,45201
US48,"4/6/2022 10 p.m. EDT",36802,24817,29489,34441,84404,78742,12922,38852,16438,26317,14095,17051,45006
US48,"4/6/2022 11 p.m. EDT",36999,23046,28889,31604,80454,75835,11829,39763,15362,24829,13902,16297,43180
US48,"4/7/2022 12 a.m. EDT",36660,21094,27521,28453,77972,72354,10918,39348,14414,23135,13468,15292,40248
US48,"4/7/2022 1 a.m. EDT",34836,19548,26292,25799,75183,69455,10374,37927,13728,21913,12622,14495,36926
US48,"4/7/2022 2 a.m. EDT",32181,18594,25603,23835,73691,67943,10539,35832,13302,21361,11743,13965,34575
US48,"4/7/2022 3 a.m. EDT",29534,17982,25246,22883,72816,66690,10509,34138,13040,20717,10754,13678,33136
US48,"4/7/2022 4 a.m. EDT",27941,17637,25207,22358,72786,66084,10510,33181,12982,20228,10148,13641,32310
US48,"4/7/2022 5 a.m. EDT",26627,17806,25325,22470,73986,66310,10811,32794,13179,20134,9730,13801,31949
US48,"4/7/2022 6 a.m. EDT",25700,18711,25838,23612,76552,67521,11368,32855,14010,20771,9457,14480,32342
US48,"4/7/2022 7 a.m. EDT",25193,20770,27211,25701,82180,71043,12475,33474,15435,21674,9383,15705,34188
US48,"4/7/2022 8 a.m. EDT",25489,21877,29490,27049,86893,76206,13298,35099,16552,22663,9601,17012,37369
US48,"4/7/2022 9 a.m. EDT",26649,22305,30630,28510,88479,78289,13405,38115,17173,23313,10191,17344,38765
US48,"4/7/2022 10 a.m. EDT",28458,22662,30697,30500,89301,78075,13229,40792,17493,23801,10410,17114,38927
US48,"4/7/2022 11 a.m. EDT",29148,22974,30573,32287,89718,77912,13109,41433,17663,24188,10239,17026,39326
US48,"4/7/2022 12 p.m. EDT",29290,23172,30456,33564,89831,77808,12986,40597,17778,24397,10251,16809,39941
US48,"4/7/2022 1 p.m. EDT",29609,23450,30264,34100,89540,77634,12878,39409,17775,24616,10155,16551,40092
US48,"4/7/2022 2 p.m. EDT",29843,24009,30015,34141,89117,77074,12911,38192,17809,24786,10200,16444,40242
US48,"4/7/2022 3 p.m. EDT",29920,24225,29770,33716,88258,76895,13039,37328,17771,24915,10454,16138,40547
US48,"4/7/2022 4 p.m. EDT",30624,24449,29516,33852,87578,76553,13080,36598,17857,24916,10939,15971,40795
US48,"4/7/2022 5 p.m. EDT",31856,24440,29300,34060,87862,76005,13445,36102,18062,25125,11513,15812,41344
US48,"4/7/2022 6 p.m. EDT",33556,24358,29277,33754,88279,76002,13987,35905,18249,25142,12235,15921,42043
US48,"4/7/2022 7 p.m. EDT",35894,24132,29251,32992,88358,76409,14143,36112,18178,24878,12942,16025,42526
US48,"4/7/2022 8 p.m. EDT",38234,23835,29383,31944,88945,76931,14242,36655,18090,24457,13755,16344,42116
US48,"4/7/2022 9 p.m. EDT",40063,24037,29753,31762,89489,78338,13902,37415,17646,24867,14046,17057,41687
US48,"4/7/2022 10 p.m. EDT",40843,22916,30396,29823,87022,78990,13063,38227,16889,24609,14151,17231,41853
US48,"4/7/2022 11 p.m. EDT",40489,21315,29805,27265,83421,76793,12021,38802,15872,23395,13898,16681,40689
US48,"4/8/2022 12 a.m. EDT",39352,19540,28554,24321,80572,73263,11082,38496,14843,22013,13401,15880,38357
US48,"4/8/2022 1 a.m. EDT",37380,18348,27458,22158,78581,70816,10671,36589,14112,21133,12665,15108,35872
US48,"4/8/2022 2 a.m. EDT",34285,17687,26850,20359,76917,69315,10668,34345,13630,20334,11865,14806,33990
US48,"4/8/2022 3 a.m. EDT",31498,17447,26607,19260,76169,68365,10557,32571,13346,20162,10949,14671,32848
US48,"4/8/2022 4 a.m. EDT",29401,17367,26553,18578,76338,67359,10536,31463,13254,20303,10212,14749,32267
US48,"4/8/2022 5 a.m. EDT",27707,17847,26731,18459,76958,67705,10765,30913,13438,20662,9756,14987,32259
US48,"4/8/2022 6 a.m. EDT",26723,19233,27262,19294,79804,69086,11141,30856,14174,21066,9484,15721,32837
US48,"4/8/2022 7 a.m. EDT",26228,21649,28573,21100,86529,72982,12308,31305,15502,22852,9411,16843,34686
US48,"4/8/2022 8 a.m. EDT",26156,22956,30704,22093,90267,78440,13181,32660,16425,24541,9635,18227,37915
US48,"4/8/2022 9 a.m. EDT",27337,23009,31967,23006,89428,81242,13280,35133,16580,25310,10154,18600,39547
US48,"4/8/2022 10 a.m. EDT",29029,22594,32074,23953,87668,81441,12981,37371,16280,25207,10354,18643,39781
US48,"4/8/2022 11 a.m. EDT",29886,22162,31869,24928,85989,81165,12509,38448,15923,24976,10305,18700,39867
US48,"4/8/2022 12 p.m. EDT",30328,21841,31644,25472,85139,80568,11910,38830,15794,24695,10417,18676,39885
US48,"4/8/2022 1 p.m. EDT",30465,21799,31291,25917,84264,79754,11609,38557,15597,24497,10490,18693,39773
US48,"4/8/2022 2 p.m. EDT",31010,21685,30709,26645,83659,79039,11386,37970,15495,24464,10734,18577,39706
US48,"4/8/2022 3 p.m. EDT",31960,21463,30208,27224,83136,78206,11509,37405,15296,24249,11077,18412,39931
US48,"4/8/2022 4 p.m. EDT",33249,21366,29628,27801,83286,77193,11601,37271,15211,24185,11611,18201,40229
US48,"4/8/2022 5 p.m. EDT",34615,21439,29065,28296,83206,76413,11580,37128,15417,24500,12202,18341,40642
US48,"4/8/2022 6 p.m. EDT",36311,21672,28544,28347,82837,76225,11960,36994,15889,24352,12865,18159,41170
US48,"4/8/2022 7 p.m. EDT",38417,21892,28095,27665,83284,76070,12457,37306,16141,24525,13525,18980,41418
US48,"4/8/2022 8 p.m. EDT",40380,22209,27916,26582,84726,76483,12893,37833,16512,24731,14274,18997,41029
US48,"4/8/2022 9 p.m. EDT",41649,22934,27875,26123,86241,77232,12835,38643,16578,25337,14449,19511,40411
US48,"4/8/2022 10 p.m. EDT",41657,22444,28539,24693,84575,77757,12233,38856,16046,25173,14335,19440,40513
US48,"4/8/2022 11 p.m. EDT",40575,21514,28382,22825,81488,76000,11470,39240,15256,24430,13849,18919,39745
US48,"4/9/2022 12 a.m. EDT",39161,20445,27758,20915,78575,73280,10913,39182,14473,23310,13157,18177,38040
US48,"4/9/2022 1 a.m. EDT",37052,19527,27067,18734,76038,70644,10091,37675,13739,22459,12378,17465,36097
US48,"4/9/2022 2 a.m. EDT",34353,18996,26598,17422,74114,68571,10027,35993,13263,22286,11781,16974,34425
US48,"4/9/2022 3 a.m. EDT",31695,18873,26361,16547,73222,67640,9867,34604,12986,22227,10945,16693,33423
US48,"4/9/2022 4 a.m. EDT",29937,18925,26389,16081,73919,67423,9778,33570,12867,22203,10308,16605,32860
US48,"4/9/2022 5 a.m. EDT",28324,19321,26647,16007,74453,67239,9873,32960,12908,22177,9866,16604,32740
US48,"4/9/2022 6 a.m. EDT",27157,20086,27111,16362,75527,68364,10090,32740,13173,22641,9560,16942,33146
US48,"4/9/2022 7 a.m. EDT",26268,21219,27785,17231,77891,70401,10470,33001,13688,23327,9397,17473,34159
US48,"4/9/2022 8 a.m. EDT",25639,22379,28774,18365,80302,72812,11003,33804,14182,24370,9415,18044,35709
US48,"4/9/2022 9 a.m. EDT",25731,23080,29442,20312,82286,74673,11392,35210,14736,25470,9584,18613,37150
US48,"4/9/2022 10 a.m. EDT",26050,22856,29495,21783,82911,75081,11380,36689,15009,26015,9463,18941,38145
US48,"4/9/2022 11 a.m. EDT",25727,22471,28932,22608,82451,74294,11292,37959,15186,26249,9428,18947,38725
US48,"4/9/2022 12 p.m. EDT",25917,22211,28267,22996,81834,72994,11098,38702,15141,26032,9803,18341,38875
US48,"4/9/2022 1 p.m. EDT",25314,21935,27763,23344,80933,71833,10933,38656,14853,25558,9890,17947,39205
US48,"4/9/2022 2 p.m. EDT",24651,21675,27133,23703,80822,70540,10885,38168,14544,24975,10135,17478,39608
US48,"4/9/2022 3 p.m. EDT",24458,21467,26692,24255,80397,69393,10890,37674,14343,24560,10591,16775,40533
US48,"4/9/2022 4 p.m. EDT",24407,21366,26474,24585,80195,68741,10645,37383,14212,23775,11191,16322,41719
US48,"4/9/2022 5 p.m. EDT",24752,21661,26481,24917,79921,68230,10840,37138,14417,23581,11969,16020,43076
US48,"4/9/2022 6 p.m. EDT",25709,21996,26720,24962,80119,68696,11453,36972,14885,23416,12739,15856,44609
US48,"4/9/2022 7 p.m. EDT",27241,22579,26972,24445,80582,69118,12094,37210,15436,23054,13513,15852,45639
US48,"4/9/2022 8 p.m. EDT",28859,23152,27122,23724,82352,69427,12553,37726,15938,23389,14071,16052,45550
US48,"4/9/2022 9 p.m. EDT",30771,24226,27068,23751,84531,70618,12539,38293,16149,24460,13947,16732,44400
US48,"4/9/2022 10 p.m. EDT",32157,24108,27567,22720,83586,71917,12017,38911,15735,24807,13825,17218,44042
US48,"4/9/2022 11 p.m. EDT",32681,23460,27146,21316,81116,70549,11329,39559,15149,24506,13589,17045,42859
US48,"4/10/2022 12 a.m. EDT",32368,22492,26253,19630,78401,68245,10629,39422,14443,23820,13044,16798,40867
US48,"4/10/2022 1 a.m. EDT",31206,21942,25210,17952,76399,65889,10095,38194,13866,23067,12443,16466,38612
US48,"4/10/2022 2 a.m. EDT",29617,21775,24433,16839,75051,64698,10010,36478,13414,22940,11876,16346,36557
US48,"4/10/2022 3 a.m. EDT",27649,21874,23905,16176,74928,64110,10018,34838,13100,22951,11088,16502,35016
US48,"4/10/2022 4 a.m. EDT",26415,22146,23622,15866,74833,63840,10086,34186,12962,23032,10445,16642,33777
US48,"4/10/2022 5 a.m. EDT",25288,22592,23481,15933,74956,64223,10171,33377,12991,23025,9959,16891,32979
US48,"4/10/2022 6 a.m. EDT",24506,23442,23518,16436,76396,64690,10164,33220,13210,23580,9609,17317,32728
US48,"4/10/2022 7 a.m. EDT",24059,24636,23894,17446,78782,65618,10299,33349,13589,24522,9434,18002,32825
US48,"4/10/2022 8 a.m. EDT",23714,25769,24437,18897,79886,66963,10474,33943,13975,25537,9396,18583,33414
US48,"4/10/2022 9 a.m. EDT",23778,25949,24975,20689,80502,68099,10410,35002,14349,26147,9479,18721,34037
US48,"4/10/2022 10 a.m. EDT",24029,24466,25686,21613,80481,68327,10187,36416,14523,25511,9210,17839,35868
US48,"4/10/2022 11 a.m. EDT",23621,22943,26110,22183,80828,67764,9899,37714,14671,24340,9257,16979,37883
US48,"4/10/2022 12 p.m. EDT",23943,21770,26289,22444,80505,67124,10045,38732,14910,23691,9654,16072,39790
US48,"4/10/2022 1 p.m. EDT",23366,21048,26403,22597,80719,66825,10299,38998,15101,23498,9857,15479,41430
US48,"4/10/2022 2 p.m. EDT",22724,20510,26482,22893,79197,66760,10581,38572,15146,23187,10173,15178,42631
US48,"4/10/2022 3 p.m. EDT",22106,19979,26717,23319,78201,66503,10571,38179,15158,22655,10516,15014,44047
US48,"4/10/2022 4 p.m. EDT",21436,19702,26884,24074,77379,66193,10900,37680,15229,22677,10979,14891,45557
US48,"4/10/2022 5 p.m. EDT",21454,19912,27221,25224,77446,66900,11192,37362,15536,22950,11465,15010,47069
US48,"4/10/2022 6 p.m. EDT",21706,20422,27746,26046,78372,68233,12064,37469,15982,23184,11994,15385,47777
US48,"4/10/2022 7 p.m. EDT",22417,20576,28202,26092,78685,69692,12833,37903,16309,23461,12565,15658,48140
US48,"4/10/2022 8 p.m. EDT",23709,21139,28396,25468,80852,70316,13295,38851,16738,23671,13200,15861,47704
US48,"4/10/2022 9 p.m. EDT",26156,22085,28433,25573,83726,71650,13138,39762,16924,24314,13363,16415,47206
US48,"4/10/2022 10 p.m. EDT",28165,21654,28965,24386,82739,72629,12424,40428,16356,24001,13346,16560,47268
US48,"4/10/2022 11 p.m. EDT",29808,20527,28413,22182,79558,70298,11491,41165,15558,22669,13289,15799,46099
US48,"4/11/2022 12 a.m. EDT",30168,19429,27071,19441,78171,67300,10750,40853,14728,21118,12911,14793,43703
US48,"4/11/2022 1 a.m. EDT",29227,18733,25576,17774,76519,64365,10413,39095,14088,20037,12242,13926,40694
US48,"4/11/2022 2 a.m. EDT",27831,18462,24606,16530,75657,62336,10135,36921,13756,19695,11552,13397,38314
US48,"4/11/2022 3 a.m. EDT",26229,18480,24094,16036,75607,61172,10027,35117,13532,19388,10665,13176,36798
US48,"4/11/2022 4 a.m. EDT",25005,18863,23660,15868,76375,60920,10352,34150,13526,19380,10116,13042,36079
US48,"4/11/2022 5 a.m. EDT",23955,19678,23499,16324,77331,61406,10537,33882,13804,19795,9704,13258,35749
US48,"4/11/2022 6 a.m. EDT",23546,21414,23828,17692,81573,62911,11131,34073,14660,20741,9407,13856,36242
US48,"4/11/2022 7 a.m. EDT",23418,23881,24905,20257,88709,66399,12517,34695,15918,22734,9308,15063,37611
US48,"4/11/2022 8 a.m. EDT",23777,24917,26910,21781,91770,71664,12860,36513,16566,24370,9514,16400,40092
US48,"4/11/2022 9 a.m. EDT",25246,24418,28100,22492,89957,74077,11953,39466,16361,24738,10090,16689,41377
US48,"4/11/2022 10 a.m. EDT",27114,23237,28431,23103,87547,74901,10974,42086,15920,24712,10253,16744,42148
US48,"4/11/2022 11 a.m. EDT",28264,22539,28661,23749,85723,75232,10372,43327,15588,24711,10234,17017,43713
US48,"4/11/2022 12 p.m. EDT",29332,22152,28856,24363,84288,75880,9972,43453,15327,24604,10384,16955,45340
US48,"4/11/2022 1 p.m. EDT",29663,22204,28927,25122,83186,75704,10017,43096,15110,24607,10348,16895,46699
US48,"4/11/2022 2 p.m. EDT",29332,22343,29101,26095,82514,75707,10050,42539,14921,24616,10432,16926,48362
US48,"4/11/2022 3 p.m. EDT",28912,22544,29324,27207,81250,75663,10047,42024,14824,24669,10665,16636,49836
US48,"4/11/2022 4 p.m. EDT",28009,22863,29226,28683,80746,75461,10518,41703,14776,24687,11070,16531,51261
US48,"4/11/2022 5 p.m. EDT",27041,23148,29223,30073,81195,74791,10996,41390,15323,24769,11524,16434,52617
US48,"4/11/2022 6 p.m. EDT",26472,23198,29310,31153,82265,74739,11707,41104,16109,24957,12043,16547,54004
US48,"4/11/2022 7 p.m. EDT",26323,23497,29484,30983,83292,74819,12682,41179,16522,24978,12532,16581,54471
US48,"4/11/2022 8 p.m. EDT",26676,23724,29509,29780,84645,75149,13281,41390,16925,25191,13098,16615,53704
US48,"4/11/2022 9 p.m. EDT",28320,24174,29391,29230,85746,76031,13173,41577,16853,25826,13293,17023,52415
US48,"4/11/2022 10 p.m. EDT",29866,23195,29662,27477,83189,76518,12370,41812,16138,25304,13314,16993,51841
US48,"4/11/2022 11 p.m. EDT",31634,21842,29060,24782,79014,73916,11318,42247,15204,23914,13259,16258,50444
US48,"4/12/2022 12 a.m. EDT",31865,20039,27705,21836,75841,70175,10409,41904,14262,22105,12879,15089,47479
US48,"4/12/2022 1 a.m. EDT",30972,18493,26255,19258,72945,67328,9784,39920,13568,21179,12182,14232,44110
US48,"4/12/2022 2 a.m. EDT",29216,17660,25326,17807,71551,65426,9755,37677,13142,20302,11450,13665,41522
US48,"4/12/2022 3 a.m. EDT",27417,17185,24812,16874,70779,64281,9825,35945,12838,19736,10619,13439,39744
US48,"4/12/2022 4 a.m. EDT",26355,17056,24494,16501,70461,64004,9845,35068,12768,19842,10041,13220,38514
US48,"4/12/2022 5 a.m. EDT",25342,17259,24496,16591,71582,63899,10127,34649,12980,20047,9652,13237,38067
US48,"4/12/2022 6 a.m. EDT",24967,18197,24827,17730,74077,65075,10537,34634,13689,20629,9406,13696,38385
US48,"4/12/2022 7 a.m. EDT",24832,20191,25930,20072,79843,69040,11739,35247,14909,21984,9358,14740,39853
US48,"4/12/2022 8 a.m. EDT",25384,21227,27844,21341,83729,73824,12689,36928,15876,23563,9553,15853,42613
US48,"4/12/2022 9 a.m. EDT",26818,21760,29027,22577,84926,75863,13058,39928,16316,24071,10055,16370,43878
US48,"4/12/2022 10 a.m. EDT",28841,21888,29444,23981,84367,76414,13222,42872,16308,24205,10222,16556,44391
US48,"4/12/2022 11 a.m. EDT",29442,22346,29898,25307,82983,77011,13217,44261,16032,24677,10255,16754,45356
US48,"4/12/2022 12 p.m. EDT",28548,22842,30277,26538,81616,77343,12653,44303,15293,25167,10239,16974,46511
US48,"4/12/2022 1 p.m. EDT",27539,23455,30655,27737,81355,77398,11428,44004,14858,25636,10085,17043,47644
US48,"4/12/2022 2 p.m. EDT",26237,24151,30906,29163,81214,77342,10455,43195,14697,26310,9989,17251,48932
US48,"4/12/2022 3 p.m. EDT",25330,24634,31268,30823,80937,77695,10429,42390,14592,27085,9891,17231,50718
US48,"4/12/2022 4 p.m. EDT",24684,25027,31572,32448,80737,77442,10510,41637,14606,27671,9911,17406,52191
US48,"4/12/2022 5 p.m. EDT",24532,25383,31860,33930,81804,76966,11083,40992,14969,28165,9967,17606,53201
US48,"4/12/2022 6 p.m. EDT",24503,25523,32290,34482,82653,76979,11760,40722,15629,28710,10158,17759,54003
US48,"4/12/2022 7 p.m. EDT",24507,25539,32485,33871,83483,77107,12712,40975,16114,28393,10426,17652,54426
US48,"4/12/2022 8 p.m. EDT",25106,25468,32396,32206,84173,77143,13215,41429,16410,27956,10871,17751,53463
US48,"4/12/2022 9 p.m. EDT",26992,25606,32015,31498,85984,77633,13114,41958,16527,28267,11024,18164,51893
US48,"4/12/2022 10 p.m. EDT",28989,24488,31809,29419,83547,77677,12282,42765,15894,27358,11362,17953,50966
US48,"4/12/2022 11 p.m. EDT",31162,22645,30632,26605,78798,74888,11222,43585,14956,25659,11688,17058,49333
US48,"4/13/2022 12 a.m. EDT",31830,20702,28790,23569,75266,71504,10617,43292,14007,23661,11470,15811,46466
US48,"4/13/2022 1 a.m. EDT",30984,19195,27106,21067,72291,68361,10565,41510,13341,21957,10994,14848,43243
US48,"4/13/2022 2 a.m. EDT",29200,18214,25917,19529,69828,66077,10490,39176,12902,21416,10554,13866,40967
US48,"4/13/2022 3 a.m. EDT",27449,17647,25146,18475,68420,64383,10335,37372,12659,20702,9904,13745,39422
US48,"4/13/2022 4 a.m. EDT",25990,17424,24662,17921,67862,63039,10323,36384,12599,20282,9459,13508,38539
US48,"4/13/2022 5 a.m. EDT",25233,17613,24439,17941,68772,62986,10370,36111,12805,20358,9215,13356,38182
US48,"4/13/2022 6 a.m. EDT",24780,18605,24668,19002,71975,64407,10742,36264,13520,20717,9104,13669,38673
US48,"4/13/2022 7 a.m. EDT",24635,20211,25557,21102,76212,67550,11668,36876,14661,22342,9185,14593,40293
US48,"4/13/2022 8 a.m. EDT",25196,21209,27354,22298,79402,72029,12092,38601,15556,23433,9464,15728,43154
US48,"4/13/2022 9 a.m. EDT",26781,21749,28575,23738,80765,74853,11616,41584,15929,23865,10043,16145,44482
US48,"4/13/2022 10 a.m. EDT",28777,22104,29189,25489,80997,76230,10913,44439,15775,24311,10282,16357,45022
US48,"4/13/2022 11 a.m. EDT",29437,22702,29542,27227,81883,77654,10346,45540,15398,25116,10083,16597,45791
US48,"4/13/2022 12 p.m. EDT",29035,23210,29805,28732,82571,78487,10260,45488,15277,25883,9830,16814,47190
US48,"4/13/2022 1 p.m. EDT",27705,23958,29748,30340,83596,79023,10365,44500,15100,26371,9391,17166,48385
US48,"4/13/2022 2 p.m. EDT",26516,24801,29592,31966,84973,79735,10659,43465,15258,26988,9133,17573,49659
US48,"4/13/2022 3 p.m. EDT",25830,25536,29455,33240,85514,80169,10652,42610,15463,27597,8967,17955,50688
US48,"4/13/2022 4 p.m. EDT",25155,25976,29072,34721,86189,79598,10763,41954,15718,28153,8952,18406,51349
US48,"4/13/2022 5 p.m. EDT",24718,26469,28720,35771,86848,78883,11237,41146,16190,28452,9022,18502,51850
US48,"4/13/2022 6 p.m. EDT",25733,26737,28570,36008,87869,78765,12164,40621,16595,28448,9203,18647,52792
US48,"4/13/2022 7 p.m. EDT",25066,26641,28486,35161,87727,78760,12820,40553,16539,28293,9526,18610,53334
US48,"4/13/2022 8 p.m. EDT",26155,26120,28422,33702,87947,78415,13191,40878,16766,27980,10191,18308,52378
US48,"4/13/2022 9 p.m. EDT",28036,26201,28404,33036,88828,78254,13063,41497,16699,28123,10532,18359,50319
US48,"4/13/2022 10 p.m. EDT",29774,25520,29024,31055,86104,78029,12262,41987,15994,27596,11050,17682,49143
US48,"4/13/2022 11 p.m. EDT",31457,23661,28708,28379,81201,75943,11247,42929,14978,25850,11484,16542,47271
US48,"4/14/2022 12 a.m. EDT",31753,21500,27611,25208,77551,72490,10528,42860,14012,23751,11411,15522,43829
US48,"4/14/2022 1 a.m. EDT",30881,19824,26482,23020,74853,69272,10177,41160,13284,22370,10927,14467,40195
US48,"4/14/2022 2 a.m. EDT",29014,18780,25817,21301,72302,67146,10289,39040,12760,21568,10459,13835,37298
US48,"4/14/2022 3 a.m. EDT",27212,18220,25545,20140,70737,65847,10121,37326,12461,20778,9808,13361,35283
US48,"4/14/2022 4 a.m. EDT",25970,17955,25491,19492,69938,65338,10053,36421,12325,20375,9429,12869,34032
US48,"4/14/2022 5 a.m. EDT",25091,18137,25606,19470,70282,65760,9865,36061,12494,20369,9226,12844,33416
US48,"4/14/2022 6 a.m. EDT",24523,18824,26185,20398,72759,67519,10415,36083,13133,20913,9158,13239,33579
US48,"4/14/2022 7 a.m. EDT",24344,20522,27539,22451,77332,71370,11298,36652,14254,22095,9242,14286,35087
US48,"4/14/2022 8 a.m. EDT",24775,21502,29677,23740,81216,76387,12047,38333,15154,23333,9563,15645,37929
US48,"4/14/2022 9 a.m. EDT",26254,22188,30759,25283,83388,78554,12085,41169,15495,23896,10153,16053,39251
US48,"4/14/2022 10 a.m. EDT",28134,22873,30488,27671,84399,78313,11916,43854,15591,24491,10363,16170,39823
US48,"4/14/2022 11 a.m. EDT",29308,23661,30016,29696,85494,77929,11640,44802,15650,24878,10085,16368,40397
US48,"4/14/2022 12 p.m. EDT",28880,24310,29575,31661,86276,77407,11275,44214,15837,25292,9883,16378,41205
US48,"4/14/2022 1 p.m. EDT",28547,24732,29280,33387,87261,77023,10976,43189,16113,25646,9490,16376,42027
US48,"4/14/2022 2 p.m. EDT",27607,25236,28953,34876,87987,76712,10816,42142,16382,26067,9267,16323,42909
US48,"4/14/2022 3 p.m. EDT",27648,25560,28836,36072,88361,76564,10768,41289,16443,26663,9222,16316,44254
US48,"4/14/2022 4 p.m. EDT",27202,25945,28503,36891,87877,76083,11091,40413,16617,27081,9365,16344,45502
US48,"4/14/2022 5 p.m. EDT",26885,26306,28283,37410,86924,75624,11912,39654,16755,27500,9568,16318,46792
US48,"4/14/2022 6 p.m. EDT",27029,26302,28249,37293,86199,75512,12980,39376,16999,27668,9871,16474,48208
US48,"4/14/2022 7 p.m. EDT",27007,26044,28152,36172,85109,75688,13399,39405,16970,27353,10416,16382,48723
US48,"4/14/2022 8 p.m. EDT",27780,25576,28093,34640,84222,75734,13432,39550,16897,26576,11144,16286,47966
US48,"4/14/2022 9 p.m. EDT",28865,25526,27983,33887,85062,76248,13066,40122,16727,26569,11519,16377,46602
US48,"4/14/2022 10 p.m. EDT",29891,24337,28536,31941,82707,77156,12308,40675,16027,26013,11845,16415,46053
US48,"4/14/2022 11 p.m. EDT",31449,22498,28252,29398,78217,74616,11308,41462,15044,24318,12023,15805,44548
US48,"4/15/2022 12 a.m. EDT",31493,20562,27192,27826,75175,71422,10406,41560,14081,22409,11740,14884,42115
US48,"4/15/2022 1 a.m. EDT",30562,18936,26116,23985,72239,68683,9754,40214,13340,21085,11182,14078,39240
US48,"4/15/2022 2 a.m. EDT",28944,17908,25401,22046,70087,66456,9358,38162,12850,20456,10699,13561,36733
US48,"4/15/2022 3 a.m. EDT",27245,17239,24877,20733,69026,65109,9464,36451,12542,19861,9966,13372,35228
US48,"4/15/2022 4 a.m. EDT",25905,16942,24766,20124,68758,64588,9421,35305,12434,19482,9464,13271,34451
US48,"4/15/2022 5 a.m. EDT",25006,16951,24755,20053,69681,64454,9327,34951,12585,19277,9180,13374,33998
US48,"4/15/2022 6 a.m. EDT",24486,17492,25019,20807,71751,65666,10014,35042,13113,20012,9075,13954,34209
US48,"4/15/2022 7 a.m. EDT",24176,18484,25835,22238,74921,68698,11033,35669,13912,21317,9087,14970,35133
US48,"4/15/2022 8 a.m. EDT",24571,19369,27084,23518,77990,71776,11460,37186,14506,22397,9279,15993,36768
US48,"4/15/2022 9 a.m. EDT",25737,20253,28030,25263,78429,73317,10740,39853,14560,23036,9688,16398,37849
US48,"4/15/2022 10 a.m. EDT",27346,20777,28547,27555,78059,73751,9870,42484,14393,23432,9685,16254,39152
US48,"4/15/2022 11 a.m. EDT",27849,20867,28691,29746,76982,74041,9550,43571,14258,23632,9599,16000,40706
US48,"4/15/2022 12 p.m. EDT",27678,20859,28715,31326,76082,74175,9527,43186,14198,23745,9621,15727,41969
US48,"4/15/2022 1 p.m. EDT",26291,20915,28609,33128,75486,73904,9655,42256,14331,23976,9460,15567,43175
US48,"4/15/2022 2 p.m. EDT",25241,21045,28406,34300,75798,73351,9612,40994,14453,24335,9495,15460,44556
US48,"4/15/2022 3 p.m. EDT",24945,21250,28381,35178,75587,73147,9607,39944,14472,24813,9754,15294,45653
US48,"4/15/2022 4 p.m. EDT",24581,21699,28473,35652,75698,72786,9641,39011,14682,25423,9974,15288,46948
US48,"4/15/2022 5 p.m. EDT",24210,22255,28612,35762,76056,72468,10041,38420,15050,26132,10377,15419,48424
US48,"4/15/2022 6 p.m. EDT",24176,22665,28946,35282,76888,72467,11049,40606,15494,26492,10989,15594,49790
US48,"4/15/2022 7 p.m. EDT",24492,22639,29154,33715,77181,72756,11834,37824,15692,26167,11566,15641,50532
US48,"4/15/2022 8 p.m. EDT",25613,22040,29056,32023,77294,72582,12250,38019,15808,25281,12239,15514,50015
US48,"4/15/2022 9 p.m. EDT",27432,22002,28826,31131,78524,73062,12231,37945,15798,24967,12343,15680,48837
US48,"4/15/2022 10 p.m. EDT",28905,21152,28970,29635,76754,73645,11661,37943,15297,24370,12298,15673,48491
US48,"4/15/2022 11 p.m. EDT",30322,19943,28457,27473,73747,71739,10875,38755,14544,23219,12306,15077,47260
US48,"4/16/2022 12 a.m. EDT",30553,18652,27496,25206,70347,69337,10090,39134,13749,21894,11888,14368,45384
US48,"4/16/2022 1 a.m. EDT",29812,17424,26389,23051,67244,66981,9456,38203,13066,20426,11327,13450,43319
US48,"4/16/2022 2 a.m. EDT",28387,16719,25459,21161,66182,65301,9383,36540,12626,19753,10863,12883,41078
US48,"4/16/2022 3 a.m. EDT",26887,16291,24876,19839,65810,63722,9162,35211,12349,19387,10244,12479,39602
US48,"4/16/2022 4 a.m. EDT",25739,16085,24607,19055,65186,63000,9087,34358,12198,18945,9775,12354,38424
US48,"4/16/2022 5 a.m. EDT",24707,16231,24479,18806,65425,62738,9166,33989,12222,18932,9410,12290,37764
US48,"4/16/2022 6 a.m. EDT",23976,16536,24480,19002,66519,63443,9219,33988,12439,19108,9130,12376,37434
US48,"4/16/2022 7 a.m. EDT",23567,17090,24895,19533,67711,64600,9579,34257,12924,19124,9016,12745,37535
US48,"4/16/2022 8 a.m. EDT",23556,17771,25470,20647,69234,66154,10036,35044,13452,19470,9063,12945,37891
US48,"4/16/2022 9 a.m. EDT",23806,18971,26043,23468,71626,67920,10532,36266,14072,20420,9198,13555,38536
US48,"4/16/2022 10 a.m. EDT",24324,19881,26865,26635,72627,69957,10884,37800,14414,21738,8971,14443,40496
US48,"4/16/2022 11 a.m. EDT",24593,20194,27471,29142,72893,71109,10858,39014,14495,22784,9024,14844,42803
US48,"4/16/2022 12 p.m. EDT",24990,20168,27783,31274,72602,71385,10428,39701,14601,23656,9244,15184,44324
US48,"4/16/2022 1 p.m. EDT",25150,20118,27685,33445,72146,71351,9964,39594,14359,23977,9299,15219,45586
US48,"4/16/2022 2 p.m. EDT",24670,20135,27328,35474,72911,70692,9799,39007,14352,24301,9416,15009,46475
US48,"4/16/2022 3 p.m. EDT",24370,20442,27025,36622,73616,70290,10050,38323,14616,24529,9693,14897,47324
US48,"4/16/2022 4 p.m. EDT",23393,20724,26804,37936,74041,69769,10320,37768,14657,24763,10087,14877,47921
US48,"4/16/2022 5 p.m. EDT",22686,21183,26561,38533,75225,69454,10998,37513,14797,24941,10552,14913,48557
US48,"4/16/2022 6 p.m. EDT",21996,21679,26576,38532,75602,69578,11770,37494,15150,24973,11175,14995,49270
US48,"4/16/2022 7 p.m. EDT",21904,21816,26704,37185,75686,70116,12195,37651,15433,24762,11844,15004,49374
US48,"4/16/2022 8 p.m. EDT",22758,21901,26731,34869,76437,70801,12313,38161,15663,24428,12537,15096,48392
US48,"4/16/2022 9 p.m. EDT",24326,22350,26814,33587,77878,71697,12070,38526,15766,24734,12774,15432,46877
US48,"4/16/2022 10 p.m. EDT",26311,21712,27274,31618,76783,72940,11533,38625,15370,24278,12803,15403,46688
US48,"4/16/2022 11 p.m. EDT",28281,20549,27004,29349,73952,71444,10822,39251,14747,23194,12701,14861,45375
US48,"4/17/2022 12 a.m. EDT",28991,19190,26175,26905,71393,68801,10136,39507,14054,21867,12226,14051,43310
US48,"4/17/2022 1 a.m. EDT",28432,17937,25226,24433,68728,66265,9563,38463,13447,20446,11651,13225,40948
US48,"4/17/2022 2 a.m. EDT",27173,16989,24494,22524,66968,64695,9512,36769,13022,19639,11155,12566,38653
US48,"4/17/2022 3 a.m. EDT",25763,16475,24003,21112,66582,63838,9322,35219,12770,18882,10464,12128,36812
US48,"4/17/2022 4 a.m. EDT",24723,16036,23833,20150,66717,63201,9260,34180,12629,18369,9798,11914,35516
US48,"4/17/2022 5 a.m. EDT",23853,16032,23765,19589,66700,63224,9331,33640,12651,18125,9359,11897,34723
US48,"4/17/2022 6 a.m. EDT",23259,16378,23888,19492,67011,63759,9295,33548,12848,18246,9105,12141,34311
US48,"4/17/2022 7 a.m. EDT",22840,16853,24195,19809,68326,64461,9655,33729,13157,18601,9024,12535,34376
US48,"4/17/2022 8 a.m. EDT",22699,17505,24932,20745,70219,65773,9796,34457,13527,19129,8992,13010,34872
US48,"4/17/2022 9 a.m. EDT",22774,18673,25590,23820,71741,67534,9620,35690,13789,20422,9044,13916,35455
US48,"4/17/2022 10 a.m. EDT",23022,19510,26538,27198,72156,69296,9701,37058,13888,21407,8810,14608,37093
US48,"4/17/2022 11 a.m. EDT",22800,19943,27187,30269,72376,70252,10044,37976,13836,22304,8769,14786,39259
US48,"4/17/2022 12 p.m. EDT",22388,20723,27261,32725,72449,70648,10530,38050,13733,23144,9140,14811,40936
US48,"4/17/2022 1 p.m. EDT",21054,21413,27188,34958,71923,70432,10324,37679,13782,23987,9219,14749,42396
US48,"4/17/2022 2 p.m. EDT",20174,21807,26993,36738,70753,70383,10138,36931,13534,24607,9381,14631,44088
US48,"4/17/2022 3 p.m. EDT",19386,22205,26599,37625,69827,69945,10039,36144,13333,24780,9766,14346,45442
US48,"4/17/2022 4 p.m. EDT",18878,22731,26416,37974,69205,69479,9891,35578,13206,24661,10271,14090,46644
US48,"4/17/2022 5 p.m. EDT",18651,23037,26161,37997,69271,69636,10137,35015,13283,24474,10901,14122,47865
US48,"4/17/2022 6 p.m. EDT",19063,22964,26344,37081,69224,70167,10773,34672,13755,24439,11563,14219,48996
US48,"4/17/2022 7 p.m. EDT",20020,22557,26642,35517,70905,70875,11282,34774,14393,24331,12316,14463,49545
US48,"4/17/2022 8 p.m. EDT",21301,22282,26945,33879,73725,72018,12084,35161,15133,24215,13145,14586,49253
US48,"4/17/2022 9 p.m. EDT",23664,22630,27215,32955,77725,73397,12379,35857,15714,24657,13380,15221,48287
US48,"4/17/2022 10 p.m. EDT",26074,21855,27712,31096,77608,74610,11911,36425,15472,24337,13367,15349,48014
US48,"4/17/2022 11 p.m. EDT",28001,20413,27435,28689,75385,72755,11173,37464,14875,23070,13108,14856,46784
US48,"4/18/2022 12 a.m. EDT",28752,18766,26447,25912,73727,70106,10469,37744,14182,21598,12534,14049,44300
US48,"4/18/2022 1 a.m. EDT",28141,17603,25398,23337,72465,67620,10244,36220,13638,20131,11749,13338,41133
US48,"4/18/2022 2 a.m. EDT",26643,16859,24701,21627,71248,66163,10313,34125,13318,19448,10979,12931,38421
US48,"4/18/2022 3 a.m. EDT",25023,16419,24402,20525,70896,65256,10231,32503,13144,18981,10072,12768,36486
US48,"4/18/2022 4 a.m. EDT",24099,16283,24314,19895,71419,65097,10305,31597,13163,18690,9475,12726,35287
US48,"4/18/2022 5 a.m. EDT",23292,16581,24448,19921,73104,65361,10655,31158,13453,18840,9133,12959,34130
US48,"4/18/2022 6 a.m. EDT",22840,17583,25124,20787,76797,67279,11027,31160,14224,19561,8918,13444,34408
US48,"4/18/2022 7 a.m. EDT",22657,19301,26411,22429,82757,71588,11901,31839,15297,20844,8882,14664,35694
US48,"4/18/2022 8 a.m. EDT",23154,20688,28288,23695,87503,76299,12079,33479,15921,22330,9112,16084,37605
US48,"4/18/2022 9 a.m. EDT",24634,21757,29450,25730,89990,79322,11299,36359,15803,22975,9603,16702,38577
US48,"4/18/2022 10 a.m. EDT",26403,22674,29861,27734,91734,80959,10362,38981,15424,23765,9758,17111,39709
US48,"4/18/2022 11 a.m. EDT",27403,23334,29782,30120,93079,81799,9772,40153,15349,24356,9835,17467,41086
US48,"4/18/2022 12 p.m. EDT",27665,23820,29676,32019,93709,81841,9476,40167,15275,24817,10055,17612,42255
US48,"4/18/2022 1 p.m. EDT",26821,23817,29342,33811,94323,81642,9649,39841,15422,25190,10064,17666,43266
US48,"4/18/2022 2 p.m. EDT",26167,23765,28975,35382,94799,81133,10026,39643,15597,25516,10389,17542,44360
US48,"4/18/2022 3 p.m. EDT",25865,23389,28732,36439,94303,80449,9922,39392,16002,25702,10910,17115,45503
US48,"4/18/2022 4 p.m. EDT",25812,23110,28364,37301,94113,79620,10288,39370,16404,25755,11624,16825,46771
US48,"4/18/2022 5 p.m. EDT",26042,23127,28086,37740,94637,79011,11304,39235,16814,25788,12494,16663,48092
US48,"4/18/2022 6 p.m. EDT",26386,23411,28024,37539,95378,78686,12285,39255,17287,25802,13480,16643,49160
US48,"4/18/2022 7 p.m. EDT",27482,23659,27881,36663,95499,78537,13015,39607,17527,25536,14215,16757,49519
US48,"4/18/2022 8 p.m. EDT",29049,23918,27879,35101,95581,78556,13453,40146,17622,25258,14643,17021,48819
US48,"4/18/2022 9 p.m. EDT",30569,24484,28024,34434,95549,79207,13243,40812,17373,25630,14776,17681,47368
US48,"4/18/2022 10 p.m. EDT",31484,23728,28765,32200,92634,80209,12492,41087,16687,25120,14689,18030,46982
US48,"4/18/2022 11 p.m. EDT",32472,22380,28460,29081,88525,77827,11518,41505,15763,23521,14344,17475,45280
US48,"4/19/2022 12 a.m. EDT",32614,21091,27187,25863,85555,74432,10695,41092,14896,21929,13801,16670,42246
US48,"4/19/2022 1 a.m. EDT",31502,20208,26070,23051,83525,71732,10445,39037,14222,20881,12929,16066,38878
US48,"4/19/2022 2 a.m. EDT",29655,19759,25470,21262,81824,69468,10150,36589,13809,20561,12078,15710,36316
US48,"4/19/2022 3 a.m. EDT",27609,19509,25279,20019,81056,68578,10030,34545,13550,20148,11021,15526,34667
US48,"4/19/2022 4 a.m. EDT",26223,19813,25284,19297,81538,68583,10084,33430,13434,20011,10371,15627,33719
US48,"4/19/2022 5 a.m. EDT",25159,20563,25488,19130,82554,68956,10401,32841,13520,20516,9883,16126,33281
US48,"4/19/2022 6 a.m. EDT",24453,22130,26091,19930,85471,70758,10806,32702,14167,21252,9572,16972,33557
US48,"4/19/2022 7 a.m. EDT",24204,24525,27440,21745,91356,74536,11948,33119,15266,23307,9437,18489,35028
US48,"4/19/2022 8 a.m. EDT",24443,25696,29570,22696,94506,79417,12860,34695,16140,25059,9579,19867,37794
US48,"4/19/2022 9 a.m. EDT",25744,25165,30560,24019,94282,81170,13141,37682,16688,25439,10083,19703,39033
US48,"4/19/2022 10 a.m. EDT",27619,24335,30434,25595,93254,80262,12929,40522,16955,25442,10292,19080,39468
US48,"4/19/2022 11 a.m. EDT",28634,23701,30174,26984,92641,78861,12588,41535,17130,25128,10322,18515,40262
US48,"4/19/2022 12 p.m. EDT",28429,23163,29913,28197,91953,77755,12081,41482,17146,24667,10632,17885,41045
US48,"4/19/2022 1 p.m. EDT",27980,22618,29719,29469,91127,76835,11838,40803,17077,24340,10825,17317,41945
US48,"4/19/2022 2 p.m. EDT",27238,22117,29472,31098,90553,75871,11759,40291,16857,24118,11281,16817,42641
US48,"4/19/2022 3 p.m. EDT",27131,21658,29353,32219,89424,75274,11427,39998,16660,24260,11761,16254,43426
US48,"4/19/2022 4 p.m. EDT",26947,21439,29223,33431,88480,74445,11571,39777,16728,24259,12508,15972,44122
US48,"4/19/2022 5 p.m. EDT",26458,21321,29090,33971,87753,73888,12169,39275,16950,24384,13417,15989,44338
US48,"4/19/2022 6 p.m. EDT",26236,21496,29180,34225,87718,73846,12737,38942,17144,24155,14229,15986,44699
US48,"4/19/2022 7 p.m. EDT",26519,22111,29013,33395,88110,74121,13244,39371,17225,24155,14545,16115,44723
US48,"4/19/2022 8 p.m. EDT",27292,22762,28979,31833,89835,74733,13610,39505,17459,24398,14846,16274,44512
US48,"4/19/2022 9 p.m. EDT",28832,23844,28951,30849,92376,75951,13566,39855,17441,25004,14834,17047,44514
US48,"4/19/2022 10 p.m. EDT",30463,23508,29302,28779,91056,77001,12854,40073,16791,24870,14729,17430,45059
US48,"4/19/2022 11 p.m. EDT",31838,22368,28669,25902,87044,74665,11885,40428,15916,23575,14482,16883,44064
US48,"4/20/2022 12 a.m. EDT",32221,21225,27339,23019,83359,71316,11003,40348,14982,22070,13965,16096,41974
US48,"4/20/2022 1 a.m. EDT",31266,20561,26083,20497,80842,68468,10413,38673,14335,20957,13060,15470,39352
US48,"4/20/2022 2 a.m. EDT",29429,20416,25271,18924,79714,66805,10397,36309,13901,20930,12225,15259,37364
US48,"4/20/2022 3 a.m. EDT",27504,20562,24789,18007,79764,66300,10234,34542,13636,20867,11238,15155,36253
US48,"4/20/2022 4 a.m. EDT",26449,20907,24507,17536,80028,65772,10429,33429,13531,21033,10476,15372,35620
US48,"4/20/2022 5 a.m. EDT",25629,21885,24508,17697,81717,65999,10518,33041,13738,21429,10031,15635,35295
US48,"4/20/2022 6 a.m. EDT",25045,23524,24855,18772,85917,66985,11210,32933,14445,22137,9714,16402,35733
US48,"4/20/2022 7 a.m. EDT",24829,25866,25871,20737,92304,71073,12094,33492,15493,24331,9624,17685,37401
US48,"4/20/2022 8 a.m. EDT",25048,26936,27721,22162,95015,75607,12429,35115,16233,25995,9765,18901,39972
US48,"4/20/2022 9 a.m. EDT",26342,26122,28716,23211,92696,77796,11986,37940,16333,25987,10168,18946,41634
US48,"4/20/2022 10 a.m. EDT",28008,24498,29221,24493,89713,78399,11423,40581,16066,25315,10294,18030,42274
US48,"4/20/2022 11 a.m. EDT",28842,23344,29581,25802,87080,78685,10906,41373,15746,24784,10273,17356,43536
US48,"4/20/2022 12 p.m. EDT",28869,22583,29860,26968,85023,78779,10677,40897,15476,24324,10465,16828,44969
US48,"4/20/2022 1 p.m. EDT",27790,21995,30073,28052,83480,78581,10119,40441,15165,24299,10576,16435,46361
US48,"4/20/2022 2 p.m. EDT",27091,21660,30188,28927,82443,78284,9856,39952,14975,24286,10840,16108,47782
US48,"4/20/2022 3 p.m. EDT",26342,21505,30347,29751,81513,78334,10088,39766,14789,24330,11223,15917,49440
US48,"4/20/2022 4 p.m. EDT",25829,21563,30401,30786,81629,77923,10358,39514,14674,24534,11729,15822,51120
US48,"4/20/2022 5 p.m. EDT",25881,21693,30469,31703,81637,77856,10641,39266,14983,24339,12397,15843,52445
US48,"4/20/2022 6 p.m. EDT",25839,21993,30729,31958,82093,77959,11529,39327,15577,24582,13094,16005,53853
US48,"4/20/2022 7 p.m. EDT",26196,21990,30956,31294,82155,78183,12577,39566,16085,24599,13721,16182,54632
US48,"4/20/2022 8 p.m. EDT",27192,22439,30898,30332,83570,78225,13138,40168,16512,24627,14300,16244,54037
US48,"4/20/2022 9 p.m. EDT",28944,23248,30586,29722,85888,78225,13204,40629,16832,25124,14412,16816,52669
US48,"4/20/2022 10 p.m. EDT",30334,22630,30530,27993,84071,78170,12557,40513,16313,24844,14281,16863,52148
US48,"4/20/2022 11 p.m. EDT",31844,21220,29785,25696,80354,75302,11647,40709,15412,23334,14008,16038,50910
US48,"4/21/2022 12 a.m. EDT",32042,19877,28170,22887,77649,71943,10775,40384,14501,21776,13494,14989,48023
US48,"4/21/2022 1 a.m. EDT",31092,18906,26561,20732,75073,68499,10474,38440,13874,20686,12659,14079,44957
US48,"4/21/2022 2 a.m. EDT",29336,18442,25462,19210,73227,67039,10566,36017,13490,20213,11858,13480,42072
US48,"4/21/2022 3 a.m. EDT",27492,18338,24828,18257,72312,65889,10438,34027,13242,19779,10951,13157,40227
US48,"4/21/2022 4 a.m. EDT",26384,18405,24633,17749,72522,65134,10733,32931,13172,19575,10274,13034,38966
US48,"4/21/2022 5 a.m. EDT",25499,19006,24573,17867,73632,65243,10770,32489,13408,19321,9877,13099,38462
US48,"4/21/2022 6 a.m. EDT",24852,20363,24939,18925,75956,66478,11209,32352,14095,20201,9606,13555,38658
US48,"4/21/2022 7 a.m. EDT",24655,22537,25919,21006,82102,69372,12078,32645,15108,21826,9513,14691,40143
US48,"4/21/2022 8 a.m. EDT",24767,23431,27651,22243,85499,73718,12239,34062,15798,23009,9703,15809,42639
US48,"4/21/2022 9 a.m. EDT",25968,23219,28704,23621,85318,75821,11572,36792,15979,23511,10117,16156,43942
US48,"4/21/2022 10 a.m. EDT",27659,22765,29079,25240,84715,76351,10810,39547,16000,23976,10265,16356,44793
US48,"4/21/2022 11 a.m. EDT",28190,22511,29259,26758,84213,76706,10225,40712,16028,24508,10226,16325,46163
US48,"4/21/2022 12 p.m. EDT",28484,22134,29611,27966,83855,76961,10161,40455,16045,24899,10441,16453,47867
US48,"4/21/2022 1 p.m. EDT",28055,21953,30047,28853,83127,76629,10129,39924,16194,25479,10571,16635,49303
US48,"4/21/2022 2 p.m. EDT",27409,22114,30278,30024,82532,76671,10753,39419,16244,25977,10922,16647,50713
US48,"4/21/2022 3 p.m. EDT",27017,22237,30626,31032,81905,76874,10726,39004,16391,26563,11428,16769,52292
US48,"4/21/2022 4 p.m. EDT",26991,22558,31027,31857,81500,76609,11383,38773,16536,27247,12044,17120,53787
US48,"4/21/2022 5 p.m. EDT",26625,22989,31483,32593,81583,76299,11871,38384,16687,27812,12852,17300,54939
US48,"4/21/2022 6 p.m. EDT",26532,23250,31891,32926,82241,76340,12721,38320,16867,28220,13629,17530,55715
US48,"4/21/2022 7 p.m. EDT",26948,23492,31933,32595,82590,76546,13140,38628,16956,27904,14353,17715,55428
US48,"4/21/2022 8 p.m. EDT",27776,23449,31849,31040,82982,76628,13343,39140,16935,27366,15039,17627,54289
US48,"4/21/2022 9 p.m. EDT",28655,23865,31582,30340,84114,76970,13148,39573,16875,27364,15120,17926,53219
US48,"4/21/2022 10 p.m. EDT",29941,23035,31585,28942,82426,77976,12392,39682,16260,26662,14944,17937,53117
US48,"4/21/2022 11 p.m. EDT",31168,21442,30826,26397,78170,75271,11387,40045,15323,24756,14692,17005,51609
US48,"4/22/2022 12 a.m. EDT",31649,19702,29270,23596,75408,71597,10512,39678,14415,22812,14021,15823,48756
US48,"4/22/2022 1 a.m. EDT",30805,18375,27830,21198,72428,67718,10190,38001,13774,21543,13233,14611,45482
US48,"4/22/2022 2 a.m. EDT",29091,17552,26655,19582,70885,65499,9842,35767,13311,20813,12331,13799,42651
US48,"4/22/2022 3 a.m. EDT",27367,17072,25856,18653,70544,64115,9725,33920,13067,20200,11329,13308,40731
US48,"4/22/2022 4 a.m. EDT",26189,17103,25460,18194,70517,63147,9716,32724,12980,19874,10629,12965,39395
US48,"4/22/2022 5 a.m. EDT",25293,17397,25175,18206,71538,63197,9959,32248,13184,19873,10113,12957,38691
US48,"4/22/2022 6 a.m. EDT",24666,18515,25357,19391,73312,63763,10391,32132,13839,20583,9807,13405,38954
US48,"4/22/2022 7 a.m. EDT",24451,20215,26121,21201,78660,66741,11360,32586,14830,21622,9708,14303,40311
US48,"4/22/2022 8 a.m. EDT",24813,21318,27804,22573,81941,71176,11786,33929,15391,22681,9823,15118,42919
US48,"4/22/2022 9 a.m. EDT",25707,21577,28968,24081,82175,74078,11232,36448,15379,23516,10263,15657,43577
US48,"4/22/2022 10 a.m. EDT",27433,21844,29808,25770,82015,75800,10636,39205,15166,24237,10371,16083,44694
US48,"4/22/2022 11 a.m. EDT",28090,22219,30389,27339,81623,77231,10253,40343,14987,24907,10459,16659,46468
US48,"4/22/2022 12 p.m. EDT",28128,22652,31029,28543,81313,78167,9939,40181,14750,25590,10650,17236,48088
US48,"4/22/2022 1 p.m. EDT",27174,23301,31668,29387,81230,79180,9652,39560,14549,26423,10592,17805,49636
US48,"4/22/2022 2 p.m. EDT",26133,24080,32096,30603,80666,79811,9725,39112,14472,27353,10606,18390,51281
US48,"4/22/2022 3 p.m. EDT",26186,24790,32753,31572,80400,80366,9690,38629,14360,28362,10857,18870,52897
US48,"4/22/2022 4 p.m. EDT",25615,25471,33086,32492,80529,80316,9860,37971,14354,29201,11010,19215,53838
US48,"4/22/2022 5 p.m. EDT",25033,26216,33189,33024,81620,80472,10246,37697,14634,30062,11373,19753,54921
US48,"4/22/2022 6 p.m. EDT",24474,26537,33228,33051,82126,80658,11059,37540,15165,30322,11556,20187,55953
US48,"4/22/2022 7 p.m. EDT",24304,26459,33125,32851,82163,80637,11941,37533,15557,29799,11916,20231,56102
US48,"4/22/2022 8 p.m. EDT",25002,25654,32661,30922,81900,79508,12375,37564,15827,28670,12284,19599,54274
US48,"4/22/2022 9 p.m. EDT",26809,25188,31894,29972,82672,78333,12457,37509,15998,27829,12165,19130,52057
US48,"4/22/2022 10 p.m. EDT",28204,24144,31723,28518,80760,78061,11900,37351,15556,26827,12099,18710,51178
US48,"4/22/2022 11 p.m. EDT",29894,22474,30855,26406,76654,75137,11090,37468,14775,25185,12171,17524,49502
US48,"4/23/2022 12 a.m. EDT",30680,20726,29583,23993,73895,71474,10318,37522,14007,23429,11974,16186,47045
US48,"4/23/2022 1 a.m. EDT",30139,19184,28066,21792,70760,67948,9739,36305,13339,21722,11548,14988,44256
US48,"4/23/2022 2 a.m. EDT",28771,17961,26718,19973,68439,65730,9370,34713,12907,20660,11086,14043,41803
US48,"4/23/2022 3 a.m. EDT",27155,17198,25766,18798,67101,64086,9487,33134,12658,20169,10412,13311,39842
US48,"4/23/2022 4 a.m. EDT",26117,16819,25036,18203,67194,62641,9450,32101,12544,19605,9968,12948,38318
US48,"4/23/2022 5 a.m. EDT",25073,16767,24640,17929,67485,61970,9310,31613,12589,19475,9612,12749,37604
US48,"4/23/2022 6 a.m. EDT",24402,17046,24479,18131,68348,61568,9679,31470,12855,19497,9384,12719,37089
US48,"4/23/2022 7 a.m. EDT",24064,17590,24618,18834,70341,62069,10049,31655,13203,19620,9285,13029,37239
US48,"4/23/2022 8 a.m. EDT",24092,18202,24975,19936,72082,63069,10062,32428,13590,20204,9312,13265,37926
US48,"4/23/2022 9 a.m. EDT",24637,19416,25649,22359,73796,65162,9714,33708,13870,21020,9497,14115,38813
US48,"4/23/2022 10 a.m. EDT",24993,20513,26683,24683,74242,67969,9351,35031,13733,22357,9317,14973,40761
US48,"4/23/2022 11 a.m. EDT",24640,21275,27674,26773,74387,70489,9315,36319,13745,23553,9288,15721,42861
US48,"4/23/2022 12 p.m. EDT",24396,22210,28452,28680,74132,71739,9279,36882,13678,24651,9473,16686,44935
US48,"4/23/2022 1 p.m. EDT",23146,23148,28926,30151,74367,72876,9088,36564,13752,25556,9442,17369,46734
US48,"4/23/2022 2 p.m. EDT",21857,24090,29197,31379,74720,73814,9138,36048,13911,26374,9431,18018,48036
US48,"4/23/2022 3 p.m. EDT",21239,24950,29430,32388,75370,74794,9598,35426,13782,27258,9539,18593,49345
US48,"4/23/2022 4 p.m. EDT",20681,25727,29676,33202,76424,75496,10093,34613,13740,28016,9727,19201,50498
US48,"4/23/2022 5 p.m. EDT",20428,26298,29986,33719,78523,76288,10559,33961,14010,28685,9993,19781,51559
US48,"4/23/2022 6 p.m. EDT",20893,26588,30074,33737,80460,77058,11419,33678,14604,28952,10437,19970,52309
US48,"4/23/2022 7 p.m. EDT",21707,26171,30042,32716,81104,77377,11646,33779,14998,28695,11039,19921,52148
US48,"4/23/2022 8 p.m. EDT",23166,25406,29677,30921,80935,76476,11983,34371,15262,27732,11670,19213,51160
US48,"4/23/2022 9 p.m. EDT",25122,24831,28725,30064,81612,75494,11935,34986,15410,26872,11992,18546,49488
US48,"4/23/2022 10 p.m. EDT",27179,23710,28356,28425,79929,75413,11393,35287,15020,26050,12063,18243,48847
US48,"4/23/2022 11 p.m. EDT",28835,22142,27656,26303,76292,73071,10661,35713,14378,24394,12018,17165,47668
US48,"4/24/2022 12 a.m. EDT",29489,20304,26469,24203,73218,69777,9954,35941,13651,22661,11668,15963,45702
US48,"4/24/2022 1 a.m. EDT",28818,18819,25201,22080,69747,66114,9415,35005,13036,21304,11176,14743,43197
US48,"4/24/2022 2 a.m. EDT",27481,17708,24112,20356,67750,63705,9578,33478,12602,20328,10778,13862,41127
US48,"4/24/2022 3 a.m. EDT",25871,17013,23201,19191,66248,62633,9461,32134,12292,19878,10179,13259,39033
US48,"4/24/2022 4 a.m. EDT",24992,16598,22764,18412,65564,61261,9389,31227,12135,19333,9688,12789,37672
US48,"4/24/2022 5 a.m. EDT",23901,16424,22347,17996,65061,60174,9464,30767,12122,18761,9365,12530,36697
US48,"4/24/2022 6 a.m. EDT",23155,16529,22015,17940,65398,60100,9263,30721,12271,18772,9101,12517,36334
US48,"4/24/2022 7 a.m. EDT",22620,16709,22231,18387,65612,60646,9646,30998,12435,18826,8982,12526,36216
US48,"4/24/2022 8 a.m. EDT",22594,17417,22640,19392,66260,60581,10302,31779,12721,19189,9016,12648,36421
US48,"4/24/2022 9 a.m. EDT",22872,18835,23081,22095,67518,62497,10386,32861,12880,20156,9057,13528,36880
US48,"4/24/2022 10 a.m. EDT",22760,19979,24096,25074,69515,65226,10222,33982,12809,21663,8781,14628,38772
US48,"4/24/2022 11 a.m. EDT",22289,20932,24810,27289,71458,67941,9891,34817,12749,23054,8710,15588,41423
US48,"4/24/2022 12 p.m. EDT",22054,22074,25312,29156,73600,69881,9836,35096,12683,24274,8998,16303,43744
US48,"4/24/2022 1 p.m. EDT",21517,23224,25566,30993,75310,71750,9938,34839,12680,25447,9035,17161,45934
US48,"4/24/2022 2 p.m. EDT",20885,24245,25864,32562,76780,73396,9712,34372,12563,26725,9166,17896,47674
US48,"4/24/2022 3 p.m. EDT",20675,25197,25918,33896,78430,74381,9467,33977,12542,27944,9429,18562,48861
US48,"4/24/2022 4 p.m. EDT",20396,26228,26152,34887,80203,75165,9762,33737,12707,28810,9786,19188,50378
US48,"4/24/2022 5 p.m. EDT",20789,26865,26458,35837,82544,76292,10445,33252,13222,29699,10229,19741,51503
US48,"4/24/2022 6 p.m. EDT",21518,27543,26891,36076,84898,77089,11237,33182,14128,30209,10805,20109,52245
US48,"4/24/2022 7 p.m. EDT",22564,27436,27335,35267,85878,77582,11912,33578,14786,30291,11497,20280,52372
US48,"4/24/2022 8 p.m. EDT",24343,26707,27464,33218,85896,77359,12355,34483,15264,29503,12193,19763,51450
US48,"4/24/2022 9 p.m. EDT",26951,26285,27364,32436,86380,76755,12429,35279,15635,28754,12467,19190,49761
US48,"4/24/2022 10 p.m. EDT",29185,24852,27571,30782,83996,77156,11756,35799,15174,27905,12539,18922,49366
US48,"4/24/2022 11 p.m. EDT",30644,22799,27081,28252,78667,74618,10832,36305,14307,25891,12543,17633,48037
US48,"4/25/2022 12 a.m. EDT",31147,20514,25786,25275,74532,70498,10014,36436,13439,23647,12197,16113,45513
US48,"4/25/2022 1 a.m. EDT",30458,18898,24325,22792,71184,67452,9469,34894,12824,22005,11552,14799,42352
US48,"4/25/2022 2 a.m. EDT",28423,17830,23263,21048,69251,64888,9382,32724,12426,20832,10908,13962,39869
US48,"4/25/2022 3 a.m. EDT",26344,17180,22754,19884,67839,63482,9328,30977,12192,20135,10115,13485,38177
US48,"4/25/2022 4 a.m. EDT",24983,16970,22483,19242,67429,63016,9402,30092,12148,20012,9571,13148,36896
US48,"4/25/2022 5 a.m. EDT",24037,17195,22603,19266,68089,62775,9724,29683,12370,20025,9281,13127,36493
US48,"4/25/2022 6 a.m. EDT",23591,18239,23020,20286,70631,63949,10346,29697,13148,20539,9162,13453,36808
US48,"4/25/2022 7 a.m. EDT",23471,20066,24194,22141,74656,67456,11546,30205,14318,21725,9175,14498,38195
US48,"4/25/2022 8 a.m. EDT",23899,21044,26303,23443,79096,71934,12090,31708,15186,23025,9467,15612,40355
US48,"4/25/2022 9 a.m. EDT",25313,21840,27546,25234,81640,75085,11847,34371,15498,23856,9933,16297,41860
US48,"4/25/2022 10 a.m. EDT",26899,22763,27796,27391,83372,76913,11124,36823,15446,24998,10095,16829,42762
US48,"4/25/2022 11 a.m. EDT",27806,23664,27885,29430,84811,78133,10427,37986,15349,26292,10031,17456,44203
US48,"4/25/2022 12 p.m. EDT",27849,24715,28029,31201,85854,79114,10507,38016,15310,27828,10086,17970,45386
US48,"4/25/2022 1 p.m. EDT",27513,25827,27933,32908,86609,79592,10580,37820,15402,29347,10021,18488,46492
US48,"4/25/2022 2 p.m. EDT",27516,27152,27816,34412,87263,79902,10756,37533,15419,30601,10127,18828,47258
US48,"4/25/2022 3 p.m. EDT",27243,28035,27703,35401,87728,79840,10984,37233,15321,31488,10417,19021,47589
US48,"4/25/2022 4 p.m. EDT",27337,29099,27568,36361,87916,78619,10917,37054,15336,32398,10986,19342,47039
US48,"4/25/2022 5 p.m. EDT",27933,30001,27493,37316,88247,77838,11101,36939,15757,33386,11686,19416,45576
US48,"4/25/2022 6 p.m. EDT",28629,30423,27524,37559,88774,77659,11803,36791,16257,33678,12477,19444,44882
US48,"4/25/2022 7 p.m. EDT",29574,30335,27473,37362,88319,77697,12454,36850,16524,33388,13220,19469,44559
US48,"4/25/2022 8 p.m. EDT",31194,29486,27469,35713,87962,77177,12995,37420,16718,32326,14001,18983,43818
US48,"4/25/2022 9 p.m. EDT",32926,28833,27476,34540,87945,77167,13006,38055,16701,31353,14285,18750,43061
US48,"4/25/2022 10 p.m. EDT",34228,27062,27790,32342,84843,77360,12204,38558,15943,30080,14195,18310,43066
US48,"4/25/2022 11 p.m. EDT",34709,24526,27094,29373,79559,74949,11177,38978,14867,27706,13993,17267,41911
US48,"4/26/2022 12 a.m. EDT",34511,22080,25819,26270,75444,71246,10250,38827,13872,25314,13425,15863,39499
US48,"4/26/2022 1 a.m. EDT",33179,20268,24602,23566,72436,68262,9827,37040,13141,23301,12505,14683,36736
US48,"4/26/2022 2 a.m. EDT",30871,19103,23875,21650,70117,66721,9916,34587,12656,22744,11621,13880,34827
US48,"4/26/2022 3 a.m. EDT",28529,18341,23526,20291,68907,65417,9741,32806,12378,21886,10656,13372,33622
US48,"4/26/2022 4 a.m. EDT",26896,17997,23368,19481,68343,64883,9730,31908,12296,21368,10019,13121,32893
US48,"4/26/2022 5 a.m. EDT",25901,18144,23454,19321,69071,65060,9789,31453,12495,21290,9539,13044,32567
US48,"4/26/2022 6 a.m. EDT",25234,19026,23945,20145,71357,65941,10550,31444,13165,22003,9369,13381,32878
US48,"4/26/2022 7 a.m. EDT",24873,20709,25227,21941,76566,69717,11545,31863,14467,23232,9293,14215,34383
US48,"4/26/2022 8 a.m. EDT",24969,21620,27333,23211,80602,74561,12438,33305,15552,24028,9534,15204,37151
US48,"4/26/2022 9 a.m. EDT",26091,22498,28398,24883,82467,76978,12691,35986,16130,24843,9993,15783,38455
US48,"4/26/2022 10 a.m. EDT",27667,23521,28422,26957,83294,77205,12749,38556,16333,25563,10105,16078,38990
US48,"4/26/2022 11 a.m. EDT",28455,24830,28101,28947,83781,77082,12735,39745,16475,26314,10176,16137,39441
US48,"4/26/2022 12 p.m. EDT",28816,26393,27888,30597,84004,76975,12706,39533,16551,26933,10349,16407,39856
US48,"4/26/2022 1 p.m. EDT",28058,27766,27753,32639,84369,76556,12665,39059,16507,27421,10494,16351,40345
US48,"4/26/2022 2 p.m. EDT",26925,28672,27585,34433,84561,76099,12701,38727,16541,28069,10891,16241,40804
US48,"4/26/2022 3 p.m. EDT",26761,28449,27693,35985,84502,75768,12765,38422,16504,28325,11531,16202,41515
US48,"4/26/2022 4 p.m. EDT",27141,28010,27754,37295,83917,75367,12916,38353,16536,28419,12300,16113,42498
US48,"4/26/2022 5 p.m. EDT",27504,27726,27770,38134,84147,74830,13268,38271,16634,28551,13282,16297,43493
US48,"4/26/2022 6 p.m. EDT",28249,27440,27850,38440,84756,74897,13639,38138,16835,28567,14117,16376,44663
US48,"4/26/2022 7 p.m. EDT",29426,26671,27926,38016,84447,75042,13735,38295,16935,28268,14832,16310,45503
US48,"4/26/2022 8 p.m. EDT",30624,26023,28013,35926,84246,75114,13656,38682,16955,27584,15249,16293,45275
US48,"4/26/2022 9 p.m. EDT",31821,25802,27825,34506,84967,75641,13234,39250,16788,27234,15165,16532,44621
US48,"4/26/2022 10 p.m. EDT",32648,24600,28072,32327,83184,77009,12362,39561,16094,26768,14966,16818,44738
US48,"4/26/2022 11 p.m. EDT",33575,22685,27727,29311,79291,74671,11298,39833,15070,24982,14710,16017,43720
US48,"4/27/2022 12 a.m. EDT",33656,20539,26300,26292,76349,71221,10386,39827,14113,23091,14075,14967,41202
US48,"4/27/2022 1 a.m. EDT",32665,18948,24999,23408,73256,68092,9976,38137,13384,22007,13191,14144,38304
US48,"4/27/2022 2 a.m. EDT",30281,17943,24092,21392,71989,66881,9900,35781,12959,20986,12281,13666,36008
US48,"4/27/2022 3 a.m. EDT",28334,17345,23635,20089,71163,65849,9804,33839,12694,20843,11268,13450,34407
US48,"4/27/2022 4 a.m. EDT",26747,17099,23392,19305,71170,65551,9646,32747,12635,20471,10580,13298,33450
US48,"4/27/2022 5 a.m. EDT",25592,17494,23353,19189,72521,65718,9781,32292,12884,20308,10130,13546,33165
US48,"4/27/2022 6 a.m. EDT",24909,18565,23804,20161,74592,66756,10320,32171,13699,20781,9775,14277,33445
US48,"4/27/2022 7 a.m. EDT",24582,20478,24847,22103,80810,70571,11489,32581,14932,22139,9628,15551,34892
US48,"4/27/2022 8 a.m. EDT",24723,21521,26565,23209,84840,75174,12000,33983,15786,23539,9763,16972,37560
US48,"4/27/2022 9 a.m. EDT",26195,21729,27815,24863,84737,76987,11607,36731,15999,24124,10170,17302,38616
US48,"4/27/2022 10 a.m. EDT",27790,21837,28074,26871,83609,76332,11212,39519,15830,24316,10257,17042,39397
US48,"4/27/2022 11 a.m. EDT",28490,21762,28105,29046,83031,75600,11137,40694,15723,24464,10270,16696,40427
US48,"4/27/2022 12 p.m. EDT",28335,21893,28221,31053,82453,75045,11307,40420,15721,24794,10502,16459,41620
US48,"4/27/2022 1 p.m. EDT",27788,21990,28320,33149,82089,74598,11282,39664,15714,25101,10742,16316,42887
US48,"4/27/2022 2 p.m. EDT",26785,22381,28336,34962,82319,74401,11274,39119,15729,25932,11107,16215,44169
US48,"4/27/2022 3 p.m. EDT",26318,22683,28702,36411,81454,74565,11123,38826,15746,26529,11482,16125,45661
US48,"4/27/2022 4 p.m. EDT",26248,23101,28949,37330,81180,74471,11542,38855,15770,27002,12293,16308,47110
US48,"4/27/2022 5 p.m. EDT",26577,23726,29284,37586,81514,74557,11746,38707,16165,27789,12934,16334,48439
US48,"4/27/2022 6 p.m. EDT",26773,24056,29664,37072,82608,75110,12333,38545,16666,28307,13605,16722,49690
US48,"4/27/2022 7 p.m. EDT",27350,24114,29716,36592,83649,75387,12879,38536,16975,28323,14168,16871,50167
US48,"4/27/2022 8 p.m. EDT",28113,23741,29572,35132,84958,75681,13333,38885,17214,27690,14760,16875,49380
US48,"4/27/2022 9 p.m. EDT",29693,23858,29207,33978,87074,75735,13411,39304,17342,27197,14935,16909,48202
US48,"4/27/2022 10 p.m. EDT",31431,22951,29477,31868,86024,76620,12712,39511,16745,26419,14818,16969,47649
US48,"4/27/2022 11 p.m. EDT",32779,21080,28804,28900,81988,74105,11715,39997,15790,24435,14534,16222,46325
US48,"4/28/2022 12 a.m. EDT",33297,19323,27308,26223,79157,70429,10845,39947,14786,22372,13947,15034,43528
US48,"4/28/2022 1 a.m. EDT",32149,18161,25931,23415,76385,66825,10273,38145,14104,21089,12955,13700,40413
US48,"4/28/2022 2 a.m. EDT",30078,17529,24852,21572,75362,64870,10392,35864,13689,20403,12029,13576,37925
US48,"4/28/2022 3 a.m. EDT",27955,17169,24028,20324,75079,63726,10384,33788,13427,19818,11063,13264,36307
US48,"4/28/2022 4 a.m. EDT",26742,17143,23709,19626,75052,63164,10382,32658,13389,19482,10370,13198,35295
US48,"4/28/2022 5 a.m. EDT",25785,17559,23622,19493,75487,63411,10706,32194,13623,19774,9899,13329,34843
US48,"4/28/2022 6 a.m. EDT",25068,18878,23621,20392,79557,64661,11094,32062,14419,20728,9572,13752,34928
US48,"4/28/2022 7 a.m. EDT",24787,20976,24560,22258,86332,68025,12251,32506,15612,21986,9450,15006,36296
US48,"4/28/2022 8 a.m. EDT",25105,22030,26376,23469,90211,72536,12592,33984,16280,23323,9651,16203,38830
US48,"4/28/2022 9 a.m. EDT",26513,22029,27550,25220,89940,74840,12106,36626,16139,23806,10080,16323,40136
US48,"4/28/2022 10 a.m. EDT",28253,21872,27822,27301,87557,75256,11484,39293,15677,24129,10150,16191,41610
US48,"4/28/2022 11 a.m. EDT",28905,21771,28393,29191,85823,75355,11048,40349,15357,24433,10089,16018,43266
US48,"4/28/2022 12 p.m. EDT",28515,21694,28898,30972,84060,75420,10766,40371,15151,24867,10212,16080,44794
US48,"4/28/2022 1 p.m. EDT",28119,21741,29258,32909,82606,75679,10636,39587,15015,25715,10357,16189,46380
US48,"4/28/2022 2 p.m. EDT",27299,22026,29799,34427,81952,75670,10585,39009,14877,26559,10712,16337,48116
US48,"4/28/2022 3 p.m. EDT",26527,22222,30078,34811,81718,76142,10922,38620,14716,26845,11164,16590,49936
US48,"4/28/2022 4 p.m. EDT",25712,22668,30316,35093,81589,76353,10810,38458,14720,27686,11691,16850,51340
US48,"4/28/2022 5 p.m. EDT",25622,23216,30694,34982,82341,76200,10871,38330,15042,28570,12351,17316,52590
US48,"4/28/2022 6 p.m. EDT",25708,23650,31029,34399,82122,76552,11676,38340,15662,29016,13113,17773,53672
US48,"4/28/2022 7 p.m. EDT",26256,23805,31017,33510,82062,76494,12662,38420,16218,28808,13645,17829,54200
US48,"4/28/2022 8 p.m. EDT",26918,23597,30753,32197,83272,76024,13267,38886,16681,28078,14282,17545,53257
US48,"4/28/2022 9 p.m. EDT",28225,23755,30519,31071,85757,75930,13473,39204,17028,27589,14451,17444,52163
US48,"4/28/2022 10 p.m. EDT",29891,22990,30477,29616,84510,76587,12828,39354,16540,26928,14285,17334,51359
US48,"4/28/2022 11 p.m. EDT",31437,21236,29855,27098,80724,73802,11813,39672,15587,24983,14002,16303,49958
US48,"4/29/2022 12 a.m. EDT",32187,19474,28172,24237,77641,70346,10896,39608,14622,22807,13594,15089,46993
US48,"4/29/2022 1 a.m. EDT",31407,18246,26462,21815,75724,66871,10309,38017,13886,21471,12851,14033,43742
US48,"4/29/2022 2 a.m. EDT",29524,17532,25072,20100,74728,64705,10527,35714,13518,21022,11988,13361,41133
US48,"4/29/2022 3 a.m. EDT",27749,17218,24414,19015,74149,63036,10445,33798,13329,20478,11060,12966,39368
US48,"4/29/2022 4 a.m. EDT",26419,17146,23944,18413,74395,62377,10488,32590,13291,20153,10385,12754,37983
US48,"4/29/2022 5 a.m. EDT",25617,17498,23708,18389,76097,62342,10572,31977,13552,19970,9895,12886,38125
US48,"4/29/2022 6 a.m. EDT",25100,18625,23889,19352,78641,62913,11045,31846,14311,20646,9586,13323,38317
US48,"4/29/2022 7 a.m. EDT",24841,20573,24815,21322,84132,66379,12151,32161,15374,21878,9499,14309,39260
US48,"4/29/2022 8 a.m. EDT",25042,21579,26398,22558,87301,70906,12294,33417,15922,22770,9671,15290,41186
US48,"4/29/2022 9 a.m. EDT",26254,21781,27485,24283,86512,73638,11472,36033,15695,23486,10044,15711,42592
US48,"4/29/2022 10 a.m. EDT",27785,22060,28134,26529,84902,74716,10668,38643,15339,24054,10136,15919,43913
US48,"4/29/2022 11 a.m. EDT",28337,22037,28749,28523,83408,75335,10466,40009,15085,24714,10159,16095,45290
US48,"4/29/2022 12 p.m. EDT",27527,21883,29452,30565,81691,75631,10197,39913,14855,25416,10311,16509,47150
US48,"4/29/2022 1 p.m. EDT",26777,21912,29993,31553,80501,75949,10002,39421,14647,26213,10364,16863,48705
US48,"4/29/2022 2 p.m. EDT",26081,22098,30525,32551,79482,76551,10255,39000,14515,27080,10520,17247,50239
US48,"4/29/2022 3 p.m. EDT",25598,22459,31170,33610,79185,77085,10246,38218,14344,27970,10909,17707,51953
US48,"4/29/2022 4 p.m. EDT",25330,22871,31606,34319,79169,77235,10483,37569,14281,28564,11431,18072,53563
US48,"4/29/2022 5 p.m. EDT",25206,23431,31957,34241,78662,77096,11007,36854,14551,29052,12081,18615,54544
US48,"4/29/2022 6 p.m. EDT",25362,23718,32318,33321,78208,77188,11525,36484,15072,29117,12746,18800,55415
US48,"4/29/2022 7 p.m. EDT",26097,23477,32264,31763,78397,76852,12256,36587,15520,28632,13375,18773,55306
US48,"4/29/2022 8 p.m. EDT",27192,23033,31808,30146,78850,75972,12695,37043,15890,27552,14055,18313,54168
US48,"4/29/2022 9 p.m. EDT",28892,23098,31024,29424,80810,75091,12853,37438,16132,26915,14176,17959,52368
US48,"4/29/2022 10 p.m. EDT",30409,22413,30452,27949,79724,74973,12336,37694,15736,26219,14028,17836,51403
US48,"4/29/2022 11 p.m. EDT",31550,21170,29612,26105,76773,72733,11498,38004,15027,24805,13733,16933,50143
US48,"4/30/2022 12 a.m. EDT",32089,19622,28116,24100,74197,69157,10682,38126,14265,23298,13191,15771,48006
US48,"4/30/2022 1 a.m. EDT",31417,18368,26627,22095,71583,66022,10123,36561,13571,21960,12488,14671,45305
US48,"4/30/2022 2 a.m. EDT",29596,17524,25356,20402,69877,63441,9772,34951,13175,21256,11805,13822,42753
US48,"4/30/2022 3 a.m. EDT",27767,17057,24499,19333,69217,62241,9611,33283,12956,20526,10984,13265,40832
US48,"4/30/2022 4 a.m. EDT",26589,16781,23890,18663,68970,61125,9561,32098,12880,20322,10320,12803,39366
US48,"4/30/2022 5 a.m. EDT",25577,16766,23594,18392,69409,60572,9719,31468,12954,20143,9838,12655,38397
US48,"4/30/2022 6 a.m. EDT",24700,17006,23383,18545,70283,60773,10063,31189,13246,19983,9470,12743,37991
US48,"4/30/2022 7 a.m. EDT",24218,17544,23601,19178,72489,61519,10450,31256,13574,20171,9300,13009,38061
US48,"4/30/2022 8 a.m. EDT",24084,18275,24037,20166,74001,62480,10481,31781,13754,20397,9295,13299,38455
US48,"4/30/2022 9 a.m. EDT",24451,19607,24543,22359,75168,64639,10149,32670,13606,21234,9393,14109,39418
US48,"4/30/2022 10 a.m. EDT",24596,20496,25660,24907,75324,67527,9423,33790,13399,22544,9179,14953,41755
US48,"4/30/2022 11 a.m. EDT",24491,21142,26499,27097,75186,69822,8680,34928,13187,23817,9217,15697,44200
US48,"4/30/2022 12 p.m. EDT",24439,21642,27103,29072,74790,71427,8784,35785,13033,25020,9584,16398,46164
US48,"4/30/2022 1 p.m. EDT",23873,22026,27448,30900,73562,72365,8855,36020,12894,26290,9845,17001,47720
US48,"4/30/2022 2 p.m. EDT",23309,22433,27575,32473,72776,72990,8983,35935,12747,27334,10222,17652,49259
US48,"4/30/2022 3 p.m. EDT",23093,23113,27789,33669,71855,73537,8938,35670,12584,28208,11263,18230,51177
US48,"4/30/2022 4 p.m. EDT",22757,23692,28150,34180,71992,74173,9062,35248,12656,28904,11475,18692,53037
US48,"4/30/2022 5 p.m. EDT",23137,24235,28506,33746,72423,74961,9495,34906,13044,29423,12286,18981,54478
US48,"4/30/2022 6 p.m. EDT",23941,24441,28793,32800,73678,75678,10270,34905,13764,29639,13152,,
US48,"4/30/2022 7 p.m. EDT",24453,,,,74363,76014,11233,35162,14396,29159,14018,18942,55413
US48,"4/30/2022 8 p.m. EDT",25804,23470,28763,29679,74974,75161,11743,35793,14817,28239,14793,18521,54113
US48,"4/30/2022 9 p.m. EDT",27794,23274,28220,29005,76618,74001,12000,36320,15240,27593,14912,18063,51872
US48,"4/30/2022 10 p.m. EDT",29554,22513,27900,27689,75620,73827,11545,36492,14956,26851,14627,17761,50417
US48,"4/30/2022 11 p.m. EDT",30601,21108,27324,25889,72950,71436,10852,36692,14382,25401,14079,17001,48445
US48,"5/1/2022 12 a.m. EDT",31032,19606,26163,23812,70005,68280,10150,36657,13680,23737,13313,15883,45856
